----------------
IN: 
0x00008000:  
OBJD-T: 02d3a0e3583400eb

----------------
IN: main
0x0001516c:  
OBJD-T: 10482de908b08de244d04de208439fe504408fe004339fe5033094e70310a0e1
OBJD-T: 0000a0e3d3cbffeb

----------------
IN: init_printf
0x000080e4:  
OBJD-T: 04b02de500b08de20cd04de208000be50c100be528309fe503308fe00c201be5
OBJD-T: 002083e51c309fe503308fe008201be5002083e500f020e300d08be204b09de4
OBJD-T: 1eff2fe1

----------------
IN: main
0x00015194:  
OBJD-T: f4329fe503308fe00300a0e16ffeffeb

----------------
IN: tfp_printf
0x00014b64:  
OBJD-T: 0f002de900482de904b08de208d04de208308be208300be530309fe503308fe0
OBJD-T: 000093e528309fe503308fe0001093e508301be504209be5a4feffeb

----------------
IN: tfp_format
0x00014634:  
OBJD-T: 00482de904b08de230d04de220000be524100be528200be52c300be5360100ea

----------------
IN: tfp_format
0x00014b30:  
OBJD-T: 28301be5012083e228200be50030d3e505304be505305be5000053e3c0feff1a

----------------
IN: tfp_format
0x00014654:  
OBJD-T: 05305be5250053e30500000a

----------------
IN: tfp_format
0x00014660:  
OBJD-T: 05205be524301be50210a0e120001be533ff2fe1

----------------
IN: putc_uart
0x00014d3c:  
OBJD-T: 00482de904b08de208d04de208000be50130a0e109304be509305be50300a0e1
OBJD-T: e9ffffeb

----------------
IN: uart_putc
0x00014d08:  
OBJD-T: 04b02de500b08de20cd04de20030a0e105304be5013aa0e31f3041e305205be5
OBJD-T: 002083e500f020e300d08be204b09de41eff2fe1

----------------
IN: uart_putc
0x00014d28:  
OBJD-T: 002083e5

----------------
IN: uart_putc
0x00014d2c:  
OBJD-T: 00f020e300d08be204b09de41eff2fe1

----------------
IN: putc_uart
0x00014d60:  
OBJD-T: 00f020e304d04be20088bde8

----------------
IN: tfp_format
0x00014674:  
OBJD-T: 2d0100ea

----------------
IN: tfp_format
0x00014b50:  
OBJD-T: 000000ea

----------------
IN: tfp_format
0x00014b58:  
OBJD-T: 00f020e304d04be20088bde8

----------------
IN: tfp_printf
0x00014ba0:  
OBJD-T: 00f020e304d04be20048bde810d08de21eff2fe1

----------------
IN: main
0x000151a4:  
OBJD-T: 2400a0e33eeeffeb

----------------
IN: malloc
0x00010aa8:  
OBJD-T: 00482de904b08de218d04de218000be52c319fe503308fe00030d3e5000053e3
OBJD-T: 0000001a

----------------
IN: malloc
0x00010acc:  
OBJD-T: 4eddffeb

----------------
IN: init_heap
0x0000800c:  
OBJD-T: 04b02de500b08de2a0309fe503308fe09c209fe502208fe00020d2e5000052e3
OBJD-T: 1e00001a

----------------
IN: init_heap
0x00008030:  
OBJD-T: 8c209fe502208fe0001092e584209fe502208fe0001082e57c209fe5022093e7
OBJD-T: 0210a0e174209fe5023093e7032041e06c309fe503308fe0003093e5002083e5
OBJD-T: 60309fe503308fe0003093e50120a0e30420c3e550309fe503308fe0003093e5
OBJD-T: 0020a0e3082083e540309fe503308fe00120a0e30020c3e5000000ea

----------------
IN: init_heap
0x000080b0:  
OBJD-T: 00d08be204b09de41eff2fe1

----------------
IN: malloc
0x00010ad0:  
OBJD-T: 18301be5000053e30100001a

----------------
IN: malloc
0x00010ae4:  
OBJD-T: 18301be51b3083e20f30c3e30c300be5f4309fe503308fe0003093e508300be5
OBJD-T: 300000ea

----------------
IN: malloc
0x00010bcc:  
OBJD-T: 08301be5000053e3cbffff1a

----------------
IN: malloc
0x00010b08:  
OBJD-T: 08301be50430d3e5000053e32900000a

----------------
IN: malloc
0x00010b18:  
OBJD-T: 08301be5003093e50c201be5030052e12400008a

----------------
IN: malloc
0x00010b2c:  
OBJD-T: 08301be5002093e50c301be51c3083e2030052e11600003a

----------------
IN: malloc
0x00010b44:  
OBJD-T: 08201be50c301be5033082e010300be508301be5002093e50c301be5032042e0
OBJD-T: 10301be5002083e510301be50120a0e30420c3e508301be5082093e510301be5
OBJD-T: 082083e508301be50c201be5002083e508301be510201be5082083e508301be5
OBJD-T: 0020a0e30420c3e508301be50c3083e214300be514301be5070000ea

----------------
IN: malloc
0x00010be0:  
OBJD-T: 0300a0e104d04be20088bde8

----------------
IN: main
0x000151ac:  
OBJD-T: 0030a0e118300be52400a0e33aeeffeb

----------------
IN: malloc
0x00010bc0:  
OBJD-T: 08301be5083093e508300be508301be5000053e3cbffff1a

----------------
IN: main
0x000151bc:  
OBJD-T: 0030a0e11c300be518301be5000053e30200000a

----------------
IN: main
0x000151d0:  
OBJD-T: 1c301be5000053e30400001a

----------------
IN: main
0x000151f0:  
OBJD-T: 2420a0e30010a0e318001be590efffeb

----------------
IN: memset
0x00011044:  
OBJD-T: 04b02de500b08de21cd04de210000be514100be518200be510301be508300be5
OBJD-T: 050000ea

----------------
IN: memset
0x00011080:  
OBJD-T: 18301be5012043e218200be5000053e3f4ffff1a

----------------
IN: memset
0x00011068:  
OBJD-T: 08301be5012083e208200be514201be57220efe60020c3e518301be5012043e2
OBJD-T: 18200be5000053e3f4ffff1a

----------------
IN: memset
0x00011094:  
OBJD-T: 10301be50300a0e100d08be204b09de41eff2fe1

----------------
IN: main
0x00015200:  
OBJD-T: 2420a0e30010a0e31c001be58cefffeb

----------------
IN: main
0x00015210:  
OBJD-T: 18101be57c329fe503308fe00300a0e14ffeffeb

----------------
IN: tfp_format
0x00014678:  
OBJD-T: 0030a0e306304be50030a0e307304be50030a0e308304be50030a0e318300be5
OBJD-T: 28301be5012083e228200be50030d3e505304be505305be5300053e30600001a

----------------
IN: tfp_format
0x000146d4:  
OBJD-T: 05305be52f0053e30900009a

----------------
IN: tfp_format
0x000146e0:  
OBJD-T: 05305be5390053e30600008a

----------------
IN: tfp_format
0x00014708:  
OBJD-T: 05305be56c0053e30600001a

----------------
IN: tfp_format
0x00014730:  
OBJD-T: 05305be57a0053e3f90000ca

----------------
IN: tfp_format
0x0001473c:  
OBJD-T: 580053e3040000aa

----------------
IN: tfp_format
0x00014758:  
OBJD-T: 583043e2220053e303f18f90

----------------
IN: tfp_format
0x000147c8:  
OBJD-T: 220000ea

----------------
IN: tfp_format
0x00014858:  
OBJD-T: 24301be53010a0e320001be533ff2fe1

----------------
IN: tfp_format
0x00014868:  
OBJD-T: 24301be57810a0e320001be533ff2fe1

----------------
IN: tfp_format
0x00014878:  
OBJD-T: 2c301be5042083e22c200be5003093e514204be20210a0e10300a0e1cefeffeb

----------------
IN: ptr2a
0x000143d4:  
OBJD-T: 00482de904b08de210d04de210000be514100be510301be508300be514301be5
OBJD-T: 0120a0e31010a0e308001be5

----------------
IN: ptr2a
0x00014400:  
OBJD-T: 37ffffeb

----------------
IN: ui2a
0x000140e4:  
OBJD-T: 04b02de500b08de224d04de218000be51c100be520200be524300be50030a0e3
OBJD-T: 08300be50130a0e30c300be5030000ea

----------------
IN: ui2a
0x00014124:  
OBJD-T: 18201be50c301be512f333e71c201be5030052e1f5ffff9a

----------------
IN: ui2a
0x00014114:  
OBJD-T: 0c301be51c201be5920303e00c300be518201be50c301be512f333e71c201be5
OBJD-T: 030052e1f5ffff9a

----------------
IN: ui2a
0x0001413c:  
OBJD-T: 2d0000ea

----------------
IN: ui2a
0x000141f8:  
OBJD-T: 0c301be5000053e3ceffff1a

----------------
IN: ui2a
0x00014140:  
OBJD-T: 18201be50c301be512f333e710300be518301be50c201be513f232e70c101be5
OBJD-T: 910202e0023043e018300be50c201be51c301be512f333e70c300be508301be5
OBJD-T: 000053e30500001a

----------------
IN: ui2a
0x00014188:  
OBJD-T: 10301be5000053e3020000ca

----------------
IN: ui2a
0x000141a0:  
OBJD-T: 10301be5090053e3060000da

----------------
IN: ui2a
0x000141c8:  
OBJD-T: 3030a0e310201be57210efe624201be5010082e224000be5013083e07330efe6
OBJD-T: 0030c2e508301be5013083e208300be50c301be5000053e3ceffff1a

----------------
IN: ui2a
0x000141ac:  
OBJD-T: 20301be5000053e30100000a

----------------
IN: ui2a
0x000141b8:  
OBJD-T: 3730a0e3020000ea

----------------
IN: ui2a
0x000141cc:  
OBJD-T: 10201be57210efe624201be5010082e224000be5013083e07330efe60030c2e5
OBJD-T: 08301be5013083e208300be50c301be5000053e3ceffff1a

----------------
IN: ui2a
0x00014204:  
OBJD-T: 24301be50020a0e30020c3e500f020e300d08be204b09de41eff2fe1

----------------
IN: ptr2a
0x00014404:  
OBJD-T: 00f020e304d04be20088bde8

----------------
IN: tfp_format
0x00014898:  
OBJD-T: 18201be506105be514304be200308de50130a0e124101be520001be5d5feffeb

----------------
IN: putchw
0x00014410:  
OBJD-T: 00482de904b08de218d04de210000be514100be518200be519304be519305be5
OBJD-T: 000053e30100000a

----------------
IN: putchw
0x00014440:  
OBJD-T: 2030a0e309304be504309be508300be5020000ea

----------------
IN: putchw
0x00014460:  
OBJD-T: 08301be5012083e208200be50030d3e5000053e30800000a

----------------
IN: putchw
0x00014478:  
OBJD-T: 18301be5000053e3f3ffffca

----------------
IN: putchw
0x00014484:  
OBJD-T: 040000ea

----------------
IN: putchw
0x0001449c:  
OBJD-T: 18301be5012043e218200be5000053e3f5ffffca

----------------
IN: putchw
0x000144b0:  
OBJD-T: 040000ea

----------------
IN: putchw
0x000144c8:  
OBJD-T: 04309be5012083e204208be50030d3e50a304be50a305be5000053e3f2ffff1a

----------------
IN: putchw
0x000144b4:  
OBJD-T: 0a205be514301be50210a0e110001be533ff2fe1

----------------
IN: putchw
0x000144e8:  
OBJD-T: 00f020e300f020e304d04be20088bde8

----------------
IN: tfp_format
0x000148b8:  
OBJD-T: 9c0000ea

----------------
IN: main
0x00015224:  
OBJD-T: 1c101be56c329fe503308fe00300a0e14afeffeb

----------------
IN: main
0x00015238:  
OBJD-T: 1c201be518301be5033042e00310a0e150329fe503308fe00300a0e142feffeb

----------------
IN: tfp_format
0x00014714:  
OBJD-T: 28301be5012083e228200be50030d3e505304be50130a0e307304be505305be5
OBJD-T: 7a0053e3f90000ca

----------------
IN: tfp_format
0x00014798:  
OBJD-T: a80000ea

----------------
IN: tfp_format
0x00014a40:  
OBJD-T: 07305be5000053e30900000a

----------------
IN: tfp_format
0x00014a4c:  
OBJD-T: 2c301be5042083e22c200be5003093e50320a0e114304be20310a0e10200a0e1
OBJD-T: 84fdffeb

----------------
IN: li2a
0x00014084:  
OBJD-T: 00482de904b08de208d04de208000be50c100be508301be5000053e3070000aa

----------------
IN: li2a
0x000140c4:  
OBJD-T: 08001be50c301be50020a0e30a10a0e39bffffeb

----------------
IN: uli2a
0x00013f48:  
OBJD-T: 04b02de500b08de224d04de218000be51c100be520200be524300be50030a0e3
OBJD-T: 08300be50130a0e30c300be5030000ea

----------------
IN: uli2a
0x00013f88:  
OBJD-T: 18201be50c301be512f333e71c201be5030052e1f5ffff9a

----------------
IN: uli2a
0x00013f78:  
OBJD-T: 0c301be51c201be5920303e00c300be518201be50c301be512f333e71c201be5
OBJD-T: 030052e1f5ffff9a

----------------
IN: uli2a
0x00013fa0:  
OBJD-T: 2d0000ea

----------------
IN: uli2a
0x0001405c:  
OBJD-T: 0c301be5000053e3ceffff1a

----------------
IN: uli2a
0x00013fa4:  
OBJD-T: 18201be50c301be512f333e710300be518301be50c201be513f232e70c101be5
OBJD-T: 910202e0023043e018300be50c201be51c301be512f333e70c300be508301be5
OBJD-T: 000053e30500001a

----------------
IN: uli2a
0x00013fec:  
OBJD-T: 10301be5000053e3020000ca

----------------
IN: uli2a
0x00014004:  
OBJD-T: 10301be5090053e3060000da

----------------
IN: uli2a
0x0001402c:  
OBJD-T: 3030a0e310201be57210efe624201be5010082e224000be5013083e07330efe6
OBJD-T: 0030c2e508301be5013083e208300be50c301be5000053e3ceffff1a

----------------
IN: uli2a
0x00014068:  
OBJD-T: 24301be50020a0e30020c3e500f020e300d08be204b09de41eff2fe1

----------------
IN: li2a
0x000140d8:  
OBJD-T: 00f020e304d04be20088bde8

----------------
IN: tfp_format
0x00014a70:  
OBJD-T: 070000ea

----------------
IN: tfp_format
0x00014a94:  
OBJD-T: 18201be506105be514304be200308de50130a0e124101be520001be556feffeb

----------------
IN: tfp_format
0x00014ab4:  
OBJD-T: 1d0000ea

----------------
IN: main
0x00015258:  
OBJD-T: 2000a0e311eeffeb

----------------
IN: main
0x00015260:  
OBJD-T: 0030a0e110300be52000a0e30deeffeb

----------------
IN: main
0x00015270:  
OBJD-T: 0030a0e114300be510301be5000053e30200000a

----------------
IN: main
0x00015284:  
OBJD-T: 14301be5000053e30400001a

----------------
IN: main
0x000152a4:  
OBJD-T: fc319fe503308fe00300a0e12bfeffeb

----------------
IN: main
0x000152b4:  
OBJD-T: f0319fe503308fe034c04be20f0093e80f008ce834304be21020a0e30310a0e1
OBJD-T: 10001be572efffeb

----------------
IN: memcpy
0x000110a8:  
OBJD-T: 04b02de500b08de21cd04de210000be514100be518200be510301be508300be5
OBJD-T: 14301be50c300be5070000ea

----------------
IN: memcpy
0x000110f4:  
OBJD-T: 18301be5012043e218200be5000053e3f2ffff1a

----------------
IN: memcpy
0x000110d4:  
OBJD-T: 0c201be5013082e20c300be508301be5011083e208100be50020d2e50020c3e5
OBJD-T: 18301be5012043e218200be5000053e3f2ffff1a

----------------
IN: memcpy
0x00011108:  
OBJD-T: 10301be50300a0e100d08be204b09de41eff2fe1

----------------
IN: main
0x000152dc:  
OBJD-T: cc319fe5033094e7003093e504308de5c0319fe5033094e700308de50030a0e3
OBJD-T: 1020a0e310101be518001be597feffeb

----------------
IN: unified_decrypt
0x00014d6c:  
OBJD-T: 10482de908b08de224d04de220000be524100be528200be52c300be55ff07ff5
OBJD-T: 20301be5000053e30500000a

----------------
IN: unified_decrypt
0x00014d98:  
OBJD-T: 04309be5000053e30200000a

----------------
IN: unified_decrypt
0x00014da4:  
OBJD-T: 08309be5000053e30500001a

----------------
IN: unified_decrypt
0x00014dc8:  
OBJD-T: 20301be51c3093e5000053e30b00000a

----------------
IN: unified_decrypt
0x00014e08:  
OBJD-T: 20301be5183093e5000053e31000000a

----------------
IN: unified_decrypt
0x00014e5c:  
OBJD-T: 24301be5000053e32200000a

----------------
IN: unified_decrypt
0x00014e68:  
OBJD-T: 28301be5000053e31f00000a

----------------
IN: unified_decrypt
0x00014e74:  
OBJD-T: bc329fe503308fe00300a0e137ffffeb

----------------
IN: unified_decrypt
0x00014e84:  
OBJD-T: 28001be506efffeb

----------------
IN: unified_decrypt
0x00014e8c:  
OBJD-T: 0030a0e10320a0e120301be51c2083e520301be51c3093e5000053e30500001a

----------------
IN: unified_decrypt
0x00014ec4:  
OBJD-T: 20301be51c3093e528201be524101be50300a0e172f0ffeb

----------------
IN: unified_decrypt
0x00014edc:  
OBJD-T: 28101be558329fe503308fe00300a0e11cffffeb

----------------
IN: tfp_format
0x000147f0:  
OBJD-T: ffffffea

----------------
IN: tfp_format
0x000147f4:  
OBJD-T: 28301be5012083e228200be5

----------------
IN: tfp_format
0x00014800:  
OBJD-T: 0030d3e505304be505305be5750053e3c500001a

----------------
IN: tfp_format
0x00014814:  
OBJD-T: 2c301be5042083e22c200be5003093e514204be20210a0e10300a0e181fdffeb

----------------
IN: size2a
0x00013e3c:  
OBJD-T: 04b02de500b08de21cd04de218000be51c100be50030a0e308300be50130a0e3
OBJD-T: 0c300be5030000ea

----------------
IN: size2a
0x00013e74:  
OBJD-T: 18201be50c301be512f333e7090053e3f6ffff8a

----------------
IN: size2a
0x00013e64:  
OBJD-T: 0c301be50a20a0e3920303e00c300be518201be50c301be512f333e7090053e3
OBJD-T: f6ffff8a

----------------
IN: size2a
0x00013e88:  
OBJD-T: 240000ea

----------------
IN: size2a
0x00013f20:  
OBJD-T: 0c301be5000053e3d7ffff1a

----------------
IN: size2a
0x00013e8c:  
OBJD-T: 18201be50c301be512f333e710300be518301be50c201be513f232e70c101be5
OBJD-T: 910202e0023043e018300be50c201be5cd3c0ce3cc3c4ce3932283e0a331a0e1
OBJD-T: 0c300be508301be5000053e30500001a

----------------
IN: size2a
0x00013edc:  
OBJD-T: 10301be5000053e3020000ca

----------------
IN: size2a
0x00013ef4:  
OBJD-T: 10301be57320efe61c301be5011083e21c100be5302082e27220efe60020c3e5
OBJD-T: 08301be5013083e208300be50c301be5000053e3d7ffff1a

----------------
IN: size2a
0x00013f2c:  
OBJD-T: 1c301be50020a0e30020c3e500f020e300d08be204b09de41eff2fe1

----------------
IN: tfp_format
0x00014834:  
OBJD-T: 18201be506105be514304be200308de50130a0e124101be520001be5eefeffeb

----------------
IN: tfp_format
0x00014854:  
OBJD-T: b40000ea

----------------
IN: tfp_format
0x00014b2c:  
OBJD-T: 00f020e328301be5012083e228200be50030d3e505304be505305be5000053e3
OBJD-T: c0feff1a

----------------
IN: unified_decrypt
0x00014ef0:  
OBJD-T: 3f0000ea

----------------
IN: unified_decrypt
0x00014ff4:  
OBJD-T: ef3e0be3ad3e4de314300be5

----------------
IN: unified_decrypt
0x00015000:  
OBJD-T: fe3a0ce3be3a4be318300be518201be514101be540319fe503308fe00300a0e1
OBJD-T: cffeffeb

----------------
IN: tfp_format
0x000146b8:  
OBJD-T: 28301be5012083e228200be50030d3e505304be50130a0e306304be505305be5
OBJD-T: 2f0053e30900009a

----------------
IN: tfp_format
0x000146ec:  
OBJD-T: 18304be228104be205005be50a20a0e304ffffeb

----------------
IN: a2i
0x00014314:  
OBJD-T: 00482de904b08de220d04de21c100be520200be524300be50030a0e115304be5
OBJD-T: 1c301be5003093e508300be50030a0e30c300be50e0000ea

----------------
IN: a2i
0x00014388:  
OBJD-T: 15305be50300a0e1baffffeb

----------------
IN: a2d
0x00014280:  
OBJD-T: 04b02de500b08de20cd04de20030a0e105304be505305be52f0053e30500009a

----------------
IN: a2d
0x000142a0:  
OBJD-T: 05305be5390053e30200008a

----------------
IN: a2d
0x000142ac:  
OBJD-T: 05305be5303043e2120000ea

----------------
IN: a2d
0x00014304:  
OBJD-T: 0300a0e100d08be204b09de41eff2fe1

----------------
IN: a2i
0x00014394:  
OBJD-T: 10000be510301be5000053e3e9ffffaa

----------------
IN: a2i
0x0001434c:  
OBJD-T: 10201be520301be5030052e1120000ca

----------------
IN: a2i
0x0001435c:  
OBJD-T: 0c301be520201be5920303e010201be5033082e00c300be508301be5012083e2
OBJD-T: 08200be50030d3e515304be515305be50300a0e1baffffeb

----------------
IN: a2d
0x000142b8:  
OBJD-T: 05305be5600053e30500009a

----------------
IN: a2d
0x000142dc:  
OBJD-T: 05305be5400053e30500009a

----------------
IN: a2d
0x000142e8:  
OBJD-T: 05305be5460053e30200008a

----------------
IN: a2d
0x00014300:  
OBJD-T: 0030e0e30300a0e100d08be204b09de41eff2fe1

----------------
IN: a2i
0x000143a4:  
OBJD-T: 000000ea

----------------
IN: a2i
0x000143ac:  
OBJD-T: 1c301be508201be5002083e524301be50c201be5002083e515305be50300a0e1
OBJD-T: 04d04be20088bde8

----------------
IN: tfp_format
0x00014700:  
OBJD-T: 0030a0e105304be505305be56c0053e30600001a

----------------
IN: tfp_format
0x00014768:  
OBJD-T: 7c0000ea

----------------
IN: tfp_format
0x00014960:  
OBJD-T: 08305be5000053e30d00000a

----------------
IN: tfp_format
0x000149a4:  
OBJD-T: 07305be5000053e30d00000a

----------------
IN: tfp_format
0x000149e8:  
OBJD-T: 2c301be5042083e22c200be5000093e505305be5580053e30130a0030030a013
OBJD-T: 7330efe60320a0e114304be21010a0e3b1fdffeb

----------------
IN: tfp_format
0x00014a1c:  
OBJD-T: 18201be506105be514304be200308de50130a0e124101be520001be574feffeb

----------------
IN: putchw
0x00014438:  
OBJD-T: 3030a0e3000000ea

----------------
IN: putchw
0x00014444:  
OBJD-T: 09304be504309be508300be5020000ea

----------------
IN: putchw
0x00014454:  
OBJD-T: 18301be5013043e218300be508301be5012083e208200be50030d3e5000053e3
OBJD-T: 0800000a

----------------
IN: tfp_format
0x00014a3c:  
OBJD-T: 3b0000ea

----------------
IN: unified_decrypt
0x00015024:  
OBJD-T: 5ff07ff54ff07ff508209be504109be520001be500daffeb

----------------
IN: decrypt_memory
0x0000b840:  
OBJD-T: 10482de908b08de244d04de238000be53c100be540200be58c419fe504408fe0
OBJD-T: 88319fe503308fe00300a0e1bc2400eb

----------------
IN: decrypt_memory
0x0000b870:  
OBJD-T: 38301be540201be5202083e50030a0e334300be50030a0e310300be560319fe5
OBJD-T: 03308fe014300be50030a0e318300be50030a0e31c300be50030a0e320300be5
OBJD-T: 40101be53c001be540f7ffeb

----------------
IN: iobuf_temp_with_content
0x000095c0:  
OBJD-T: 00482de904b08de210d04de210000be514100be514101be50100a0e3a9ffffeb

----------------
IN: iobuf_alloc
0x00009488:  
OBJD-T: 00482de904b08de210d04de210000be514100be510301be5000053e30800000a

----------------
IN: iobuf_alloc
0x000094a8:  
OBJD-T: 10301be5010053e30500000a

----------------
IN: iobuf_alloc
0x000094cc:  
OBJD-T: 0130a0e3000000ea

----------------
IN: iobuf_alloc
0x000094d8:  
OBJD-T: 0320a0e110101be5c4309fe503308fe00300a0e19c2d00eb

----------------
IN: tfp_format
0x00014a74:  
OBJD-T: 2c301be5042083e22c200be5003093e514204be20210a0e10300a0e1e2fdffeb

----------------
IN: i2a
0x00014220:  
OBJD-T: 00482de904b08de208d04de208000be50c100be508301be5000053e3070000aa

----------------
IN: i2a
0x00014260:  
OBJD-T: 08001be50c301be50020a0e30a10a0e39bffffeb

----------------
IN: i2a
0x00014274:  
OBJD-T: 00f020e304d04be20088bde8

----------------
IN: iobuf_alloc
0x000094f0:  
OBJD-T: 14301be5000053e30500001a

----------------
IN: iobuf_alloc
0x00009514:  
OBJD-T: 4810a0e30100a0e3681e00eb

----------------
IN: xcalloc
0x00010ec4:  
OBJD-T: 00482de904b08de210d04de210000be514100be510301be5000053e30700000a

----------------
IN: xcalloc
0x00010ee4:  
OBJD-T: 0020e0e310301be512f333e714201be5030052e10100009a

----------------
IN: xcalloc
0x00010f04:  
OBJD-T: 10301be514201be5920303e008300be508001be5e2feffeb

----------------
IN: xcalloc
0x00010f1c:  
OBJD-T: 0c000be50c301be5000053e30300000a

----------------
IN: xcalloc
0x00010f2c:  
OBJD-T: 08201be50010a0e30c001be5410000eb

----------------
IN: xcalloc
0x00010f3c:  
OBJD-T: 0c301be50300a0e104d04be20088bde8

----------------
IN: iobuf_alloc
0x00009520:  
OBJD-T: 08000be510301be57320efe608301be50020c3e514001be5241e00eb

----------------
IN: xmalloc
0x00010dd0:  
OBJD-T: 00482de904b08de210d04de210000be510301be5000053e30100001a

----------------
IN: xmalloc
0x00010df4:  
OBJD-T: 10001be52affffeb

----------------
IN: xmalloc
0x00010dfc:  
OBJD-T: 08000be508301be5000053e30700001a

----------------
IN: xmalloc
0x00010e2c:  
OBJD-T: 10201be50010a0e308001be5810000eb

----------------
IN: xmalloc
0x00010e3c:  
OBJD-T: 08301be50300a0e104d04be20088bde8

----------------
IN: iobuf_alloc
0x0000953c:  
OBJD-T: 0020a0e108301be5202083e508301be514201be5142083e558309fe503308fe0
OBJD-T: 003093e5012083e24c309fe503308fe0002083e544309fe503308fe0002093e5
OBJD-T: 08301be5402083e508301be50020a0e3442083e508301be50020a0e3382083e5
OBJD-T: 08301be50300a0e104d04be20088bde8

----------------
IN: iobuf_temp_with_content
0x000095e0:  
OBJD-T: 0c000be50c301be5143093e50310a0e170309fe503308fe00300a0e1582d00eb

----------------
IN: iobuf_temp_with_content
0x00009600:  
OBJD-T: 0030a0e308300be50b0000ea

----------------
IN: iobuf_temp_with_content
0x0000963c:  
OBJD-T: 08301be514201be5030052e1efffff8a

----------------
IN: iobuf_temp_with_content
0x0000960c:  
OBJD-T: 08301be510201be5032082e00c301be5201093e508301be5033081e00020d2e5
OBJD-T: 0020c3e508301be5013083e208300be508301be514201be5030052e1efffff8a

----------------
IN: iobuf_temp_with_content
0x0000964c:  
OBJD-T: 0c301be514201be51c2083e50c301be50300a0e104d04be20088bde8

----------------
IN: decrypt_memory
0x0000b8bc:  
OBJD-T: 24000be524301be5000053e30200001a

----------------
IN: decrypt_memory
0x0000b8d8:  
OBJD-T: 20301be5000053e30130a0130030a0037330efe60310a0e11c001be5ebfdffeb

----------------
IN: translate_file_handle
0x0000b0a8:  
OBJD-T: 04b02de500b08de20cd04de208000be50c100be508301be50300a0e100d08be2
OBJD-T: 04b09de41eff2fe1

----------------
IN: decrypt_memory
0x0000b8f8:  
OBJD-T: 0030a0e114101be50300a0e1baf7ffeb

----------------
IN: iobuf_fdopen
0x000097f4:  
OBJD-T: 00482de904b08de208d04de2

----------------
IN: iobuf_fdopen
0x00009800:  
OBJD-T: 08000be50c100be50020a0e30c101be508001be594ffffeb

----------------
IN: do_iobuf_fdopen
0x0000966c:  
OBJD-T: 10482de908b08de22cd04de220000be524100be528200be54c419fe504408fe0
OBJD-T: 20301be510300be57710a0e324001be5521f00eb

----------------
IN: strchr
0x000113ec:  
OBJD-T: 04b02de500b08de20cd04de208000be50c100be5

----------------
IN: strchr
0x00011400:  
OBJD-T: 070000ea

----------------
IN: strchr
0x00011424:  
OBJD-T: 08301be50020d3e50c301be57330efe6030052e1f1ffff1a

----------------
IN: strchr
0x00011404:  
OBJD-T: 08301be5012083e208200be50030d3e5000053e30100001a

----------------
IN: strchr
0x0001141c:  
OBJD-T: 0030a0e3060000ea

----------------
IN: strchr
0x00011440:  
OBJD-T: 0300a0e100d08be204b09de41eff2fe1

----------------
IN: do_iobuf_fdopen
0x000096a0:  
OBJD-T: 0030a0e1000053e30100000a

----------------
IN: do_iobuf_fdopen
0x000096b4:  
OBJD-T: 0030a0e3021aa0e30300a0e170ffffeb

----------------
IN: ui2a
0x00014194:  
OBJD-T: 0c301be5000053e31500001a

----------------
IN: do_iobuf_fdopen
0x000096c4:  
OBJD-T: 14000be54c00a0e3bf1d00eb

----------------
IN: do_iobuf_fdopen
0x000096d0:  
OBJD-T: 18000be518301be510201be5002083e518301be50120a0e3102083e518301be5
OBJD-T: 28201be5042083e518301be5363083e220201be5d0109fe501108fe00300a0e1
OBJD-T: 3a2d00eb

----------------
IN: tfp_sprintf
0x00014c00:  
OBJD-T: 0e002de900482de904b08de214d04de214000be508308be20c300be514004be2
OBJD-T: 0c301be504209be528109fe501108fe07ffeffeb

----------------
IN: putcp
0x00014bbc:  
OBJD-T: 04b02de500b08de20cd04de208000be50130a0e109304be508301be5003093e5
OBJD-T: 011083e208201be5001082e509205be50020c3e500f020e300d08be204b09de4
OBJD-T: 1eff2fe1

----------------
IN: tfp_sprintf
0x00014c34:  
OBJD-T: 14304be20010a0e30300a0e1ddffffeb

----------------
IN: tfp_sprintf
0x00014c44:  
OBJD-T: 00f020e304d04be20048bde80cd08de21eff2fe1

----------------
IN: do_iobuf_fdopen
0x00009714:  
OBJD-T: 14301be5c0209fe5022094e72c2083e514301be518201be5302083e51c304be2
OBJD-T: 00308de50030a0e30020a0e30110a0e318001be5c80600eb

----------------
IN: file_filter
0x0000b270:  
OBJD-T: 00482de904b08de238d04de230000be534100be538200be53c300be550239fe5
OBJD-T: 02208fe030301be510300be510301be5003093e514300be504309be5003093e5
OBJD-T: 18300be50030a0e308300be50030a0e30c300be534301be5030053e34800001a

----------------
IN: file_filter
0x0000b3f4:  
OBJD-T: 34301be5040053e31400001a

----------------
IN: file_filter
0x0000b454:  
OBJD-T: 34301be5010053e30f00001a

----------------
IN: file_filter
0x0000b460:  
OBJD-T: 10301be50020a0e30c2083e510301be50020a0e3042083e510301be50020a0e3
OBJD-T: 082083e510301be50020a0e33420c3e510301be50020a0e33520c3e54c0000ea

----------------
IN: file_filter
0x0000b5d4:  
OBJD-T: 0c301be50300a0e104d04be20088bde8

----------------
IN: do_iobuf_fdopen
0x0000974c:  
OBJD-T: 90309fe5033094e7003093e5000053e31400000a

----------------
IN: do_iobuf_fdopen
0x000097b4:  
OBJD-T: 0030a0e30120a0e30310a0e314001be5170000eb

----------------
IN: iobuf_ioctl
0x00009828:  
OBJD-T: 70482de910b08de24cd04de248000be550200be554300be50130a0e149304be5
OBJD-T: 30449fe504408fe049105be554301be550201be520049fe500008fe0be2c00eb

----------------
IN: iobuf_ioctl
0x00009868:  
OBJD-T: 49305be5010053e33900001a

----------------
IN: iobuf_ioctl
0x0000995c:  
OBJD-T: 49305be5020053e32200001a

----------------
IN: iobuf_ioctl
0x000099f4:  
OBJD-T: 49305be5030053e33900001a

----------------
IN: iobuf_ioctl
0x00009a00:  
OBJD-T: 80329fe5033094e7003093e5000053e33000000a

----------------
IN: iobuf_ioctl
0x00009ad8:  
OBJD-T: 48301be5000053e3e7ffff1a

----------------
IN: iobuf_ioctl
0x00009a84:  
OBJD-T: 48301be53c3093e5000053e30d00001a

----------------
IN: iobuf_ioctl
0x00009a94:  
OBJD-T: 48301be52c3093e5ec219fe5022094e7020053e10700001a

----------------
IN: iobuf_ioctl
0x00009aac:  
OBJD-T: 48301be5303093e51c300be51c301be550201be5082083e50030a0e3690000ea

----------------
IN: iobuf_ioctl
0x00009c74:  
OBJD-T: 0300a0e110d04be27088bde8

----------------
IN: do_iobuf_fdopen
0x000097c8:  
OBJD-T: 14301be50300a0e108d04be21088bde8

----------------
IN: iobuf_fdopen
0x00009818:  
OBJD-T: 0030a0e10300a0e104d04be20088bde8

----------------
IN: decrypt_memory
0x0000b908:  
OBJD-T: 14101be50000a0e30df3ffeb

----------------
IN: fd_cache_open
0x0000854c:  
OBJD-T: 10482de908b08de214d04de218000be51c100be5e8409fe504408fe0e4309fe5
OBJD-T: 03308fe0003093e510300be5240000ea

----------------
IN: fd_cache_open
0x00008610:  
OBJD-T: 10301be5000053e3d7ffff1a

----------------
IN: fd_cache_open
0x0000861c:  
OBJD-T: 18101be53c309fe503308fe00300a0e14c3100eb

----------------
IN: tfp_format
0x000147d4:  
OBJD-T: c10000ea

----------------
IN: tfp_format
0x00014ae0:  
OBJD-T: 18101be52c301be5042083e22c200be5003093e500308de50030a0e30120a0e1
OBJD-T: 24101be520001be540feffeb

----------------
IN: tfp_format
0x00014b0c:  
OBJD-T: 070000ea

----------------
IN: fd_cache_open
0x00008630:  
OBJD-T: 0020a0e31c101be518001be57cffffeb

----------------
IN: direct_open
0x00008434:  
OBJD-T: 00482de904b08de218d04de210000be514100be518200be5063da0e30c300be5
OBJD-T: 18301be5000053e30200001a

----------------
IN: direct_open
0x00008460:  
OBJD-T: 0c301be5363083e30c300be52b10a0e314001be5dc2300eb

----------------
IN: direct_open
0x00008478:  
OBJD-T: 0030a0e1000053e30900000a

----------------
IN: direct_open
0x000084ac:  
OBJD-T: 7710a0e314001be5cc2300eb

----------------
IN: direct_open
0x000084b8:  
OBJD-T: 0030a0e1000053e30900000a

----------------
IN: direct_open
0x000084ec:  
OBJD-T: 0030a0e308300be56210a0e314001be5ba2300eb

----------------
IN: strchr
0x0001143c:  
OBJD-T: 08301be50300a0e100d08be204b09de41eff2fe1

----------------
IN: direct_open
0x00008500:  
OBJD-T: 0030a0e1000053e30200000a

----------------
IN: direct_open
0x0000850c:  
OBJD-T: 08301be5013883e308300be528309fe503308fe00300a0e18e3100eb

----------------
IN: direct_open
0x00008528:  
OBJD-T: 0c201be508101be510001be58b2300eb

----------------
IN: open
0x00011368:  
OBJD-T: 0e002de900482de904b08de20cd04de20c000be560309fe503308fe00310a0e1
OBJD-T: 0c001be52f0000eb

----------------
IN: strcmp
0x00011450:  
OBJD-T: 04b02de500b08de20cd04de208000be50c100be5050000ea

----------------
IN: strcmp
0x00011480:  
OBJD-T: 08301be50030d3e5000053e30500000a

----------------
IN: strcmp
0x00011490:  
OBJD-T: 08301be50020d3e50c301be50030d3e5030052e1efffff0a

----------------
IN: strcmp
0x000114a8:  
OBJD-T: 08301be50030d3e50320a0e10c301be50030d3e5033042e00300a0e100d08be2
OBJD-T: 04b09de41eff2fe1

----------------
IN: open
0x00011390:  
OBJD-T: 0030a0e1000053e30100001a

----------------
IN: open
0x000113a4:  
OBJD-T: 3c309fe503308fe00310a0e10c001be5250000eb

----------------
IN: open
0x000113b8:  
OBJD-T: 0030a0e1000053e30100001a

----------------
IN: open
0x000113cc:  
OBJD-T: 0030e0e30300a0e104d04be20048bde80cd08de21eff2fe1

----------------
IN: direct_open
0x00008538:  
OBJD-T: 0030a0e10300a0e104d04be20088bde8

----------------
IN: fd_cache_open
0x00008640:  
OBJD-T: 0030a0e10300a0e108d04be21088bde8

----------------
IN: decrypt_memory
0x0000b914:  
OBJD-T: 28000be518001be5e42400eb

----------------
IN: strlen
0x00014cb4:  
OBJD-T: 04b02de500b08de214d04de210000be510301be508300be5020000ea

----------------
IN: strlen
0x00014cdc:  
OBJD-T: 08301be50030d3e5000053e3f8ffff1a

----------------
IN: strlen
0x00014cd0:  
OBJD-T: 08301be5013083e208300be508301be50030d3e5000053e3f8ffff1a

----------------
IN: strlen
0x00014cec:  
OBJD-T: 08201be510301be5033042e00300a0e100d08be204b09de41eff2fe1

----------------
IN: decrypt_memory
0x0000b920:  
OBJD-T: 0030a0e1383083e20300a0e1271500eb

----------------
IN: decrypt_memory
0x0000b930:  
OBJD-T: 2c000be52c301be528201be5002083e52c301be510201be5102083e52c301be5
OBJD-T: 363083e218101be50300a0e1441600eb

----------------
IN: strcpy
0x00011274:  
OBJD-T: 04b02de500b08de20cd04de208000be50c100be500f020e30c201be5013082e2
OBJD-T: 0c300be508301be5011083e208100be50020d2e50020c3e50030d3e5000053e3
OBJD-T: f4ffff1a

----------------
IN: strcpy
0x0001128c:  
OBJD-T: 0c201be5013082e20c300be508301be5011083e208100be50020d2e50020c3e5
OBJD-T: 0030d3e5000053e3f4ffff1a

----------------
IN: strcpy
0x000112b8:  
OBJD-T: 00f020e300f020e300d08be204b09de41eff2fe1

----------------
IN: decrypt_memory
0x0000b960:  
OBJD-T: 10301be5000053e30500001a

----------------
IN: decrypt_memory
0x0000b96c:  
OBJD-T: 18001be5ed1600eb

----------------
IN: xstrdup
0x0001152c:  
OBJD-T: 00482de904b08de210d04de210000be510001be5e2ffffeb

----------------
IN: strdup
0x000114d0:  
OBJD-T: 00482de904b08de210d04de210000be510001be5f20d00eb

----------------
IN: strdup
0x000114e8:  
OBJD-T: 0030a0e1013083e208300be508001be56afdffeb

----------------
IN: strdup
0x000114fc:  
OBJD-T: 0c000be50c301be5000053e30300000a

----------------
IN: strdup
0x0001150c:  
OBJD-T: 08201be510101be50c001be5e2feffeb

----------------
IN: strdup
0x0001151c:  
OBJD-T: 0c301be50300a0e104d04be20088bde8

----------------
IN: xstrdup
0x00011544:  
OBJD-T: 08000be508301be5000053e30000001a

----------------
IN: xstrdup
0x00011558:  
OBJD-T: 08301be50300a0e104d04be20088bde8

----------------
IN: decrypt_memory
0x0000b974:  
OBJD-T: 0030a0e10320a0e124301be5382083e524301be568209fe5022094e72c2083e5
OBJD-T: 2c301be50120a0e3082083e524301be52c201be5302083e534304be200308de5
OBJD-T: 0030a0e30020a0e30110a0e32c001be529feffeb

----------------
IN: decrypt_memory
0x0000b9c8:  
OBJD-T: 24201be50010a0e338001be5422900eb

----------------
IN: proc_encryption_packets
0x00015ee4:  
OBJD-T: 00482de904b08de218d04de210000be514100be518200be56000a0e3d2ebffeb

----------------
IN: xmalloc_clear
0x00010e50:  
OBJD-T: 00482de904b08de210d04de210000be510001be50fffffeb

----------------
IN: xmalloc_clear
0x00010e68:  
OBJD-T: 08000be508301be5000053e30400000a

----------------
IN: xmalloc_clear
0x00010e78:  
OBJD-T: 10201be50010a0e308001be56e0000eb

----------------
IN: xmalloc_clear
0x00010e88:  
OBJD-T: 080000ea

----------------
IN: xmalloc_clear
0x00010eb0:  
OBJD-T: 08301be50300a0e104d04be20088bde8

----------------
IN: proc_encryption_packets
0x00015f04:  
OBJD-T: 0030a0e108300be508301be510201be5002083e508301be514201be5042083e5
OBJD-T: 08301be50120a0e3142083e518201be508101be510001be52a0000eb

----------------
IN: do_proc_packets
0x00015fec:  
OBJD-T: 00482de904b08de240d04de238000be53c100be5

----------------
IN: do_proc_packets
0x00016000:  
OBJD-T: 40200be538301be5183093e5000053e31900000a

----------------
IN: do_proc_packets
0x0001607c:  
OBJD-T: 38301be51c3093e5000053e31800000a

----------------
IN: do_proc_packets
0x0001608c:  
OBJD-T: 38301be51c3093e50300a0e105fbffeb

----------------
IN: do_proc_packets
0x0001609c:  
OBJD-T: 0030a0e1013083e218300be518001be57deaffeb

----------------
IN: do_proc_packets
0x000160b0:  
OBJD-T: 0030a0e10320a0e13c301be5342083e53c301be5343093e5000053e30b00000a

----------------
IN: do_proc_packets
0x000160d0:  
OBJD-T: 3c301be5340093e538301be51c3093e518201be50310a0e1eeebffeb

----------------
IN: do_proc_packets
0x000160ec:  
OBJD-T: 030000ea

----------------
IN: do_proc_packets
0x00016100:  
OBJD-T: 38301be5202093e53c301be51c2083e50030a0e30c300be50030a0e310300be5
OBJD-T: 3c001be58cffffeb

----------------
IN: check_nesting
0x00015f5c:  
OBJD-T: 00482de904b08de210d04de210000be50030a0e308300be5050000ea

----------------
IN: check_nesting
0x00015f90:  
OBJD-T: 10301be5000053e3f6ffff1a

----------------
IN: check_nesting
0x00015f78:  
OBJD-T: 08301be5013083e208300be510301be5043093e510300be510301be5000053e3
OBJD-T: f6ffff1a

----------------
IN: check_nesting
0x00015f9c:  
OBJD-T: 08301be5200053e30a0000da

----------------
IN: check_nesting
0x00015fd4:  
OBJD-T: 0030a0e30300a0e104d04be20088bde8

----------------
IN: do_proc_packets
0x00016128:  
OBJD-T: 0c000be50c301be5000053e30100000a

----------------
IN: do_proc_packets
0x00016140:  
OBJD-T: 0800a0e321ebffeb

----------------
IN: do_proc_packets
0x00016148:  
OBJD-T: 0030a0e108300be53c301be540201be5402083e508301be50020a0e30020c3e5
OBJD-T: 08301be50020a0e3042083e540301be530300be50030a0e32c304be50030a0e3
OBJD-T: 28300be50030a0e324300be50030a0e320300be50030a0e31c300be5600000ea

----------------
IN: do_proc_packets
0x0001632c:  
OBJD-T: 30004be2a23700e3dc209fe502208fe008101be55bedffeb

----------------
IN: dbg_parse_packet
0x000118b4:  
OBJD-T: 00482de904b08de230d04de210000be514100be518200be51c300be51c301be5
OBJD-T: 14308de518301be510308de55c309fe503308fe00c308de50030a0e308308de5
OBJD-T: 0030a0e304308de50c304be200308de50030a0e30020a0e314101be510001be5
OBJD-T: 0b0000eb

----------------
IN: parse
0x00011948:  
OBJD-T: 00482de904b08de258d04de248000be54c100be550200be554300be50030a0e3
OBJD-T: 08300be50030a0e324300be50030a0e31c300be550301be5020053e30130a003
OBJD-T: 0030a0137330efe628300be504309be50020a0e3002083e548301be5003093e5
OBJD-T: 2c300be554301be5000053e30400001a

----------------
IN: parse
0x000119b8:  
OBJD-T: cc3a9fe503308fe0003093e5000053e30f00000a

----------------
IN: parse
0x00011a0c:  
OBJD-T: 0030a0e330300be52c301be5103093e5000053e30500001a

----------------
IN: parse
0x00011a24:  
OBJD-T: 2c301be5182093e52c301be51c3093e5030052e10300003a

----------------
IN: parse
0x00011a4c:  
OBJD-T: 2c301be5083093e5012083e22c301be5082083e52c301be5202093e52c301be5
OBJD-T: 183093e5010083e22c101be5180081e5033082e00030d3e534300be534301be5
OBJD-T: 010073e30200001a

----------------
IN: parse
0x00011aa0:  
OBJD-T: 0030a0e318300be518301be5012083e218200be534201be57220efe6043043e2
OBJD-T: 0b3083e03c2043e534301be5803003e2000053e30c00001a

----------------
IN: parse
0x00011b0c:  
OBJD-T: 0030a0e314300be534301be5403003e2000053e30130a0130030a0037330efe6
OBJD-T: 24300be524301be5000053e3f300000a

----------------
IN: parse
0x00011f0c:  
OBJD-T: 34301be54331a0e10f3003e20c300be534301be5033003e2030053e30400000a

----------------
IN: parse
0x00011f2c:  
OBJD-T: 34301be5033003e20120a0e31233a0e1000000ea

----------------
IN: parse
0x00011f44:  
OBJD-T: 10300be510301be5000053e35a00001a

----------------
IN: parse
0x000120c0:  
OBJD-T: 10301be5000053e3bbffff1a

----------------
IN: parse
0x00011fbc:  
OBJD-T: 14301be50334a0e114300be52c301be5103093e5000053e30500001a

----------------
IN: parse
0x00011fd8:  
OBJD-T: 2c301be5182093e52c301be51c3093e5030052e10300003a

----------------
IN: parse
0x00012000:  
OBJD-T: 2c301be5083093e5012083e22c301be5082083e52c301be5202093e52c301be5
OBJD-T: 183093e5010083e22c101be5180081e5033082e00030d3e538300be538301be5
OBJD-T: 010073e30b00001a

----------------
IN: parse
0x00012078:  
OBJD-T: 18301be5012083e218200be538201be57210efe6042043e20b2082e03c1042e5
OBJD-T: 043043e20b3083e03c3053e50320a0e114301be5023083e114300be510301be5
OBJD-T: 013043e210300be510301be5000053e3bbffff1a

----------------
IN: parse
0x000120cc:  
OBJD-T: 0c301be53f0053e30b00001a

----------------
IN: parse
0x00012108:  
OBJD-T: 08309be5000053e32000000a

----------------
IN: parse
0x00012198:  
OBJD-T: 28301be5000053e30200000a

----------------
IN: parse
0x000121b0:  
OBJD-T: 0c309be5000053e31100001a

----------------
IN: parse
0x000121bc:  
OBJD-T: 0c301be5000053e30e00000a

----------------
IN: parse
0x000121c8:  
OBJD-T: 50301be5000053e31500000a

----------------
IN: parse
0x0001222c:  
OBJD-T: 48301be5143093e5012083e248301be5142083e50c301be57320efe64c301be5
OBJD-T: 0020c3e50230a0e308300be50c301be53f0053e30400008a

----------------
IN: parse
0x00012264:  
OBJD-T: 6c329fe503308fe00c201be5023193e7010000ea

----------------
IN: parse
0x00012280:  
OBJD-T: 0c201be50310a0e150329fe503308fe00300a0e1320a00eb

----------------
IN: parse
0x00012298:  
OBJD-T: 0c301be5033043e2100053e303f18f90

----------------
IN: parse
0x000122ac:  
OBJD-T: 0f0000ea

----------------
IN: parse
0x000122f0:  
OBJD-T: 4c301be514201be50c101be52c001be58e0100eb

----------------
IN: parse_symkeyenc
0x00012940:  
OBJD-T: 00482de904b08de240d04de230000be534100be538200be53c300be50030a0e3
OBJD-T: 08300be538301be5030053e32b02009a

----------------
IN: parse_symkeyenc
0x00012970:  
OBJD-T: 30301be5103093e5000053e30500001a

----------------
IN: parse_symkeyenc
0x00012980:  
OBJD-T: 30301be5182093e530301be51c3093e5030052e10400003a

----------------
IN: parse_symkeyenc
0x000129ac:  
OBJD-T: 30301be5083093e5012083e230301be5082083e530301be5202093e530301be5
OBJD-T: 183093e5010083e230101be5180081e5033082e00030d3e518300be538301be5
OBJD-T: 013043e238300be518301be5040053e31a00000a

----------------
IN: parse_symkeyenc
0x00012a6c:  
OBJD-T: 38301be5c80053e31600009a

----------------
IN: parse_symkeyenc
0x00012ad4:  
OBJD-T: 30301be5103093e5000053e30500001a

----------------
IN: parse_symkeyenc
0x00012ae4:  
OBJD-T: 30301be5182093e530301be51c3093e5030052e10400003a

----------------
IN: parse_symkeyenc
0x00012b10:  
OBJD-T: 30301be5083093e5012083e230301be5082083e530301be5202093e530301be5
OBJD-T: 183093e5010083e230101be5180081e5033082e00030d3e51c300be538301be5
OBJD-T: 013043e238300be518301be5050053e32100001a

----------------
IN: parse_symkeyenc
0x00012bec:  
OBJD-T: 0030a0e310300be538301be5010053e38901009a

----------------
IN: parse_symkeyenc
0x00012c00:  
OBJD-T: 30301be5103093e5000053e30500001a

----------------
IN: parse_symkeyenc
0x00012c10:  
OBJD-T: 30301be5182093e530301be51c3093e5030052e10400003a

----------------
IN: parse_symkeyenc
0x00012c3c:  
OBJD-T: 30301be5083093e5012083e230301be5082083e530301be5202093e530301be5
OBJD-T: 183093e5010083e230101be5180081e5033082e00030d3e520300be538301be5
OBJD-T: 013043e238300be530301be5103093e5000053e30500001a

----------------
IN: parse_symkeyenc
0x00012c94:  
OBJD-T: 30301be5182093e530301be51c3093e5030052e10400003a

----------------
IN: parse_symkeyenc
0x00012cc0:  
OBJD-T: 30301be5083093e5012083e230301be5082083e530301be5202093e530301be5
OBJD-T: 183093e5010083e230101be5180081e5033082e00030d3e524300be538301be5
OBJD-T: 013043e238300be520301be5030053e30f00000a

----------------
IN: parse_symkeyenc
0x00012d54:  
OBJD-T: 0930a0e314300be5120000ea

----------------
IN: parse_symkeyenc
0x00012dac:  
OBJD-T: 14301be538201be5030052e11600002a

----------------
IN: parse_symkeyenc
0x00012e18:  
OBJD-T: 14301be538201be5033042e028300be528301be51b3083e20300a0e105f8ffeb

----------------
IN: parse_symkeyenc
0x00012e38:  
OBJD-T: 0020a0e13c301be5042083e53c301be5043093e52c300be518301be57320efe6
OBJD-T: 2c301be50020c3e51c301be57320efe62c301be50120c3e510301be57320efe6
OBJD-T: 2c301be50220c3e52c301be520201be5042083e524301be57320efe62c301be5
OBJD-T: 0820c3e520301be5010053e30200000a

----------------
IN: parse_symkeyenc
0x00012ea8:  
OBJD-T: 20301be5030053e33000001a

----------------
IN: parse_symkeyenc
0x00012eb4:  
OBJD-T: 0030a0e30c300be5270000ea

----------------
IN: parse_symkeyenc
0x00012f60:  
OBJD-T: 0c301be5070053e3020000ca

----------------
IN: parse_symkeyenc
0x00012f6c:  
OBJD-T: 38301be5000053e3d1ffff1a

----------------
IN: parse_symkeyenc
0x00012ec0:  
OBJD-T: 30301be5103093e5000053e30500001a

----------------
IN: parse_symkeyenc
0x00012ed0:  
OBJD-T: 30301be5182093e530301be51c3093e5030052e10400003a

----------------
IN: parse_symkeyenc
0x00012efc:  
OBJD-T: 30301be5083093e5012083e230301be5082083e530301be5202093e530301be5
OBJD-T: 183093e5010083e230101be5180081e5033082e00030d3e52c101be50c201be5
OBJD-T: 022081e0092082e20030c2e50c301be5013083e20c300be538301be5013043e2
OBJD-T: 38300be50c301be5070053e3020000ca

----------------
IN: parse_symkeyenc
0x00012f78:  
OBJD-T: 20301be5030053e32100001a

----------------
IN: parse_symkeyenc
0x00012f84:  
OBJD-T: 30301be5103093e5000053e30500001a

----------------
IN: parse_symkeyenc
0x00012f94:  
OBJD-T: 30301be5182093e530301be51c3093e5030052e10400003a

----------------
IN: parse_symkeyenc
0x00012fc0:  
OBJD-T: 30301be5083093e5012083e230301be5082083e530301be5202093e530301be5
OBJD-T: 183093e5010083e230101be5180081e5033082e00030d3e52c201be5143082e5

----------------
IN: parse_symkeyenc
0x00013000:  
OBJD-T: 38301be5013043e238300be528301be57320efe62c301be51820c3e52c301be5
OBJD-T: 1830d3e5000053e33b00000a

----------------
IN: parse_symkeyenc
0x0001311c:  
OBJD-T: 24301be504308de520301be500308de510301be51c201be518101be598019fe5
OBJD-T: 00008fe0870600eb

----------------
IN: parse_symkeyenc
0x00013144:  
OBJD-T: 28301be5000053e31000000a

----------------
IN: parse_symkeyenc
0x00013194:  
OBJD-T: 20301be5010053e30200000a

----------------
IN: parse_symkeyenc
0x000131a0:  
OBJD-T: 20301be5030053e31500001a

----------------
IN: parse_symkeyenc
0x000131ac:  
OBJD-T: 20301be5030053e31200001a

----------------
IN: parse_symkeyenc
0x000131b8:  
OBJD-T: 2c301be5143093e50f3003e2102083e22c301be5143093e52332a0e1063083e2
OBJD-T: 1213a0e12c301be5143093e50320a0e1f4309fe503308fe00300a0e15a0600eb

----------------
IN: tfp_format
0x000147dc:  
OBJD-T: 360000ea

----------------
IN: tfp_format
0x000148bc:  
OBJD-T: 08305be5000053e30800000a

----------------
IN: tfp_format
0x000148ec:  
OBJD-T: 07305be5000053e30800000a

----------------
IN: tfp_format
0x000148f8:  
OBJD-T: 2c301be5042083e22c200be5000093e514304be20020a0e30a10a0e38bfdffeb

----------------
IN: tfp_format
0x00014918:  
OBJD-T: 070000ea

----------------
IN: tfp_format
0x0001493c:  
OBJD-T: 18201be506105be514304be200308de50130a0e124101be520001be5acfeffeb

----------------
IN: tfp_format
0x0001495c:  
OBJD-T: 730000ea

----------------
IN: parse_symkeyenc
0x000131f8:  
OBJD-T: 020000ea

----------------
IN: parse_symkeyenc
0x00013208:  
OBJD-T: 0020a0e338101be530001be5addfffeb

----------------
IN: iobuf_skip_rest
0x0000b0d0:  
OBJD-T: 00482de904b08de220d04de218000be51c100be520200be520301be5000053e3
OBJD-T: 2200000a

----------------
IN: iobuf_skip_rest
0x0000b180:  
OBJD-T: 1c301be508300be5300000ea

----------------
IN: iobuf_skip_rest
0x0000b250:  
OBJD-T: 08301be5000053e3cbffff1a

----------------
IN: iobuf_skip_rest
0x0000b25c:  
OBJD-T: 000000ea

----------------
IN: iobuf_skip_rest
0x0000b264:  
OBJD-T: 00f020e304d04be20088bde8

----------------
IN: parse_symkeyenc
0x00013218:  
OBJD-T: 08301be5190000ea

----------------
IN: parse_symkeyenc
0x00013288:  
OBJD-T: 0300a0e104d04be20088bde8

----------------
IN: parse
0x00012304:  
OBJD-T: 08000be5250000ea

----------------
IN: parse
0x000123a4:  
OBJD-T: 48101be50000a0e34be8ffeb

----------------
IN: free_packet.localalias
0x0000c4e0:  
OBJD-T: 00482de904b08de208d04de208000be50c100be508301be5000053e30300000a

----------------
IN: free_packet.localalias
0x0000c510:  
OBJD-T: 0c301be5000053e31800000a

----------------
IN: free_packet.localalias
0x0000c51c:  
OBJD-T: 0c301be5083093e5000053e31400000a

----------------
IN: free_packet.localalias
0x0000c580:  
OBJD-T: 00f020e304d04be20088bde8

----------------
IN: parse
0x000123b0:  
OBJD-T: 08301be5000053e31300001a

----------------
IN: parse
0x000123bc:  
OBJD-T: 0c301be5060053e30b00000a

----------------
IN: parse
0x000123c8:  
OBJD-T: 0c301be5050053e30800000a

----------------
IN: parse
0x000123d4:  
OBJD-T: 0c301be50d0053e30500000a

----------------
IN: parse
0x000123e0:  
OBJD-T: 0c301be5110053e30200000a

----------------
IN: parse
0x000123ec:  
OBJD-T: 0c301be5020053e30400001a

----------------
IN: parse
0x0001240c:  
OBJD-T: 18101be5cc309fe503308fe00300a0e1d00900eb

----------------
IN: parse
0x00012420:  
OBJD-T: 40304be218101be50300a0e16fe4ffeb

----------------
IN: log_hexdump
0x0000b5f0:  
OBJD-T: 00482de904b08de230d04de230000be534100be50030a0e308300be534101be5
OBJD-T: ec319fe503308fe00300a0e1502500eb

----------------
IN: log_hexdump
0x0000b620:  
OBJD-T: 700000ea

----------------
IN: log_hexdump
0x0000b7e8:  
OBJD-T: 34301be5000053e38bffffca

----------------
IN: log_hexdump
0x0000b624:  
OBJD-T: 34301be5100053e30330a0b11030a0a314300be508101be5c4319fe503308fe0
OBJD-T: 0300a0e1452500eb

----------------
IN: tfp_format
0x00014744:  
OBJD-T: 000053e30101000a

----------------
IN: tfp_format
0x0001474c:  
OBJD-T: 250053e3ee00000a

----------------
IN: tfp_format
0x00014754:  
OBJD-T: f20000ea

----------------
IN: tfp_format
0x00014b24:  
OBJD-T: 00f020e3000000ea

----------------
IN: log_hexdump
0x0000b64c:  
OBJD-T: 0030a0e30c300be5240000ea

----------------
IN: log_hexdump
0x0000b6ec:  
OBJD-T: 0c301be50f0053e3d7ffffda

----------------
IN: log_hexdump
0x0000b658:  
OBJD-T: 0c301be5013003e2000053e30300001a

----------------
IN: log_hexdump
0x0000b668:  
OBJD-T: 9c319fe503308fe00300a0e13a2500eb

----------------
IN: log_hexdump
0x0000b678:  
OBJD-T: 0c301be5073003e2000053e30300001a

----------------
IN: log_hexdump
0x0000b688:  
OBJD-T: 80319fe503308fe00300a0e1322500eb

----------------
IN: log_hexdump
0x0000b698:  
OBJD-T: 0c201be514301be5030052e1090000aa

----------------
IN: log_hexdump
0x0000b6a8:  
OBJD-T: 0c301be530201be5033082e00030d3e50310a0e150319fe503308fe00300a0e1
OBJD-T: 252500eb

----------------
IN: a2d
0x000142c4:  
OBJD-T: 05305be5660053e30200008a

----------------
IN: tfp_format
0x000147e8:  
OBJD-T: 5c0000ea

----------------
IN: ui2a
0x000141c0:  
OBJD-T: 5730a0e3000000ea

----------------
IN: log_hexdump
0x0000b6cc:  
OBJD-T: 030000ea

----------------
IN: log_hexdump
0x0000b6e0:  
OBJD-T: 0c301be5013083e20c300be50c301be50f0053e3d7ffffda

----------------
IN: putchw
0x00014488:  
OBJD-T: 09205be514301be50210a0e110001be533ff2fe1

----------------
IN: log_hexdump
0x0000b6d0:  
OBJD-T: 40319fe503308fe00300a0e1202500eb

----------------
IN: log_hexdump
0x0000b6f8:  
OBJD-T: 1c319fe503308fe00300a0e1162500eb

----------------
IN: log_hexdump
0x0000b708:  
OBJD-T: 0030a0e310300be5190000ea

----------------
IN: log_hexdump
0x0000b77c:  
OBJD-T: 10201be514301be5030052e1e1ffffba

----------------
IN: log_hexdump
0x0000b714:  
OBJD-T: 10301be530201be5033082e00030d3e51f0053e30a00009a

----------------
IN: log_hexdump
0x0000b72c:  
OBJD-T: 10301be530201be5033082e00030d3e57e0053e30400008a

----------------
IN: log_hexdump
0x0000b758:  
OBJD-T: 2e10a0e328204be210301be5033082e00120a0e10020c3e510301be5013083e2
OBJD-T: 10300be510201be514301be5030052e1e1ffffba

----------------
IN: log_hexdump
0x0000b78c:  
OBJD-T: 28204be214301be5033082e00020a0e30020c3e528304be20310a0e170309fe5
OBJD-T: 03308fe00300a0e1ea2400eb

----------------
IN: log_hexdump
0x0000b7b8:  
OBJD-T: 14301be530201be5033082e030300be534201be514301be5033042e034300be5
OBJD-T: 08201be514301be5033082e008300be534301be5000053e38bffffca

----------------
IN: log_hexdump
0x0000b7f4:  
OBJD-T: 00f020e300f020e304d04be2

----------------
IN: log_hexdump
0x0000b800:  
OBJD-T: 0088bde8

----------------
IN: parse
0x00012430:  
OBJD-T: 000000ea

----------------
IN: parse
0x00012438:  
OBJD-T: 08301be5000053e30500001a

----------------
IN: parse
0x00012444:  
OBJD-T: 2c301be5283093e5000053e30100000a

----------------
IN: parse
0x0001245c:  
OBJD-T: 08301be5010073e30400000a

----------------
IN: parse
0x00012468:  
OBJD-T: 08301be50300a0e15cfcffeb

----------------
IN: gpg_err_code
0x000115e8:  
OBJD-T: 04b02de500b08de20cd04de208000be508301be57330ffe60300a0e100d08be2
OBJD-T: 04b09de41eff2fe1

----------------
IN: parse
0x00012474:  
OBJD-T: 0030a0e1000000ea

----------------
IN: parse
0x00012480:  
OBJD-T: 0300a0e104d04be20088bde8

----------------
IN: dbg_parse_packet
0x00011918:  
OBJD-T: 08000be50c301be5000053e30200000a

----------------
IN: dbg_parse_packet
0x00011934:  
OBJD-T: 08301be50300a0e104d04be20088bde8

----------------
IN: do_proc_packets
0x00016344:  
OBJD-T: 0c000be50c301be5010073e394ffff1a

----------------
IN: do_proc_packets
0x000161a8:  
OBJD-T: 0130a0e310300be50c301be5000053e30400000a

----------------
IN: do_proc_packets
0x000161d0:  
OBJD-T: 0030e0e314300be53c301be5143093e5000053e32500000a

----------------
IN: do_proc_packets
0x000161e8:  
OBJD-T: 08301be50030d3e5033043e2110053e303f18f90

----------------
IN: do_proc_packets
0x00016200:  
OBJD-T: 130000ea

----------------
IN: do_proc_packets
0x00016254:  
OBJD-T: 08101be53c001be5b2fdffeb

----------------
IN: proc_symkey_enc
0x0001592c:  
OBJD-T: 00482de904b08de238d04de220000be524100be524301be5043093e508300be5
OBJD-T: 08301be5000053e30400001a

----------------
IN: proc_symkey_enc
0x0001596c:  
OBJD-T: 20301be52c3093e5000053e34400001a

----------------
IN: proc_symkey_enc
0x0001597c:  
OBJD-T: 08301be50130d3e50c300be5b4319fe503308fe010300be5ac319fe503308fe0
OBJD-T: 14300be514201be510101be59c319fe503308fe00300a0e16afcffeb

----------------
IN: proc_symkey_enc
0x000159b8:  
OBJD-T: 20301be50220a0e3382083e510301be5000053e33100000a

----------------
IN: proc_symkey_enc
0x000159d0:  
OBJD-T: 08301be5041083e220301be5303093e520201be5342092e510208de50c308de5
OBJD-T: 0030a0e308308de50030a0e304308de50030a0e300308de50130a0e30020a0e3
OBJD-T: 0c001be5f2feffeb

----------------
IN: passphrase_to_dek
0x000155e4:  
OBJD-T: 00482de904b08de258d04de250000be554100be558200be55c300be5f0329fe5
OBJD-T: 03308fe00300a0e154fdffeb

----------------
IN: passphrase_to_dek
0x00015610:  
OBJD-T: 0030a0e310300be50030a0e314300be50c309be5000053e30100001a

----------------
IN: passphrase_to_dek
0x0001562c:  
OBJD-T: 38304be20c308be50c309be50020a0e3002083e558301be5000053e32a00000a

----------------
IN: passphrase_to_dek
0x000156f8:  
OBJD-T: 2400a0e3d3edffeb

----------------
IN: passphrase_to_dek
0x00015700:  
OBJD-T: 0030a0e118300be518301be550201be5002083e518301be51020a0e3042083e5
OBJD-T: 54301be5103093e50f3003e2102083e254301be5103093e52332a0e1063083e2
OBJD-T: 1233a0e11c300be514309be5000053e31500000a

----------------
IN: passphrase_to_dek
0x00015754:  
OBJD-T: 14109be5a0319fe503308fe00300a0e1fefcffeb

----------------
IN: passphrase_to_dek
0x00015768:  
OBJD-T: 14009be550fdffeb

----------------
IN: passphrase_to_dek
0x00015770:  
OBJD-T: 0030a0e1013083e220300be520001be5c8ecffeb

----------------
IN: passphrase_to_dek
0x00015784:  
OBJD-T: 0030a0e10320a0e118301be50c2083e518301be50c3093e520201be514109be5
OBJD-T: 0300a0e13eeeffeb

----------------
IN: passphrase_to_dek
0x000157ac:  
OBJD-T: 50319fe503308fe00300a0e1e9fcffeb

----------------
IN: passphrase_to_dek
0x000157bc:  
OBJD-T: 18301be5003093e50310a0e138319fe503308fe00300a0e1e2fcffeb

----------------
IN: passphrase_to_dek
0x000157d8:  
OBJD-T: 18301be5043093e50310a0e120319fe503308fe00300a0e1dbfcffeb

----------------
IN: passphrase_to_dek
0x000157f4:  
OBJD-T: 1c101be510319fe503308fe0

----------------
IN: passphrase_to_dek
0x00015800:  
OBJD-T: 0300a0e1d6fcffeb

----------------
IN: passphrase_to_dek
0x00015808:  
OBJD-T: 04319fe503308fe00300a0e1d2fcffeb

----------------
IN: passphrase_to_dek
0x00015818:  
OBJD-T: 0030a0e308300be50c0000ea

----------------
IN: passphrase_to_dek
0x00015858:  
OBJD-T: 18301be5043093e508201be5030052e1edffffba

----------------
IN: passphrase_to_dek
0x00015824:  
OBJD-T: 18301be50c2093e508301be5033082e00030d3e50310a0e1d4309fe503308fe0
OBJD-T: 0300a0e1c5fcffeb

----------------
IN: passphrase_to_dek
0x0001584c:  
OBJD-T: 08301be5013083e208300be518301be5043093e508201be5030052e1edffffba

----------------
IN: passphrase_to_dek
0x0001586c:  
OBJD-T: a8309fe503308fe00300a0e1b9fcffeb

----------------
IN: passphrase_to_dek
0x0001587c:  
OBJD-T: 9c309fe503308fe00300a0e1b5fcffeb

----------------
IN: passphrase_to_dek
0x0001588c:  
OBJD-T: 0030a0e30c300be50c0000ea

----------------
IN: passphrase_to_dek
0x000158cc:  
OBJD-T: 0c301be5070053e3efffffda

----------------
IN: passphrase_to_dek
0x00015898:  
OBJD-T: 54201be50c301be5033082e0053083e20030d3e50310a0e16c309fe503308fe0
OBJD-T: 0300a0e1a8fcffeb

----------------
IN: passphrase_to_dek
0x000158c0:  
OBJD-T: 0c301be5013083e20c300be50c301be5070053e3efffffda

----------------
IN: passphrase_to_dek
0x000158d8:  
OBJD-T: 48309fe503308fe00300a0e19efcffeb

----------------
IN: passphrase_to_dek
0x000158e8:  
OBJD-T: 18301be50300a0e104d04be20088bde8

----------------
IN: proc_symkey_enc
0x00015a18:  
OBJD-T: 0020a0e120301be52c2083e520301be52c3093e5000053e31600000a

----------------
IN: proc_symkey_enc
0x00015a34:  
OBJD-T: 20301be52c2093e50830d2e5403083e30830c2e508301be50210d3e520301be5
OBJD-T: 2c2093e50130a0e10332a0e17330afe64332a0e17310afe60830d2e59130c4e7
OBJD-T: 0830c2e520301be52c2093e50830d2e5013083e30830c2e5020000ea

----------------
IN: proc_symkey_enc
0x00015a9c:  
OBJD-T: 1010a0e30100a0e306edffeb

----------------
IN: proc_symkey_enc
0x00015aa8:  
OBJD-T: 0030a0e118300be508301be5000053e30e00000a

----------------
IN: proc_symkey_enc
0x00015abc:  
OBJD-T: 08301be50130d3e50320a0e118301be5042083e508301be50230d3e5000053e3
OBJD-T: 0130a0030030a0137330efe60320a0e118301be5082083e5020000ea

----------------
IN: proc_symkey_enc
0x00015b04:  
OBJD-T: 20301be5502093e518301be5002083e520301be518201be5502083e520301be5
OBJD-T: 483093e5012083e220301be5482083e500f020e304d04be20088bde8

----------------
IN: do_proc_packets
0x00016260:  
OBJD-T: 070000ea

----------------
IN: do_proc_packets
0x00016284:  
OBJD-T: 0c301be5000053e34700001a

----------------
IN: do_proc_packets
0x00016290:  
OBJD-T: 08301be50030d3e5020053e30d00000a

----------------
IN: do_proc_packets
0x000162a0:  
OBJD-T: 08301be50030d3e5130053e30900000a

----------------
IN: do_proc_packets
0x000162b0:  
OBJD-T: 08301be50030d3e50b0053e30130a0030030a0137310efe63c201be55c30d2e5
OBJD-T: 9130c1e75c30c2e514301be5010073e31100000a

----------------
IN: parse
0x00011b3c:  
OBJD-T: 34301be53f3003e20c300be52c301be5103093e5000053e30500001a

----------------
IN: parse
0x00011b58:  
OBJD-T: 2c301be5182093e52c301be51c3093e5030052e10300003a

----------------
IN: parse
0x00011b80:  
OBJD-T: 2c301be5083093e5012083e22c301be5082083e52c301be5202093e52c301be5
OBJD-T: 183093e5010083e22c101be5180081e5033082e00030d3e538300be538301be5
OBJD-T: 010073e30b00001a

----------------
IN: parse
0x00011bf8:  
OBJD-T: 18301be5012083e2

----------------
IN: parse
0x00011c00:  
OBJD-T: 18200be538201be57220efe6043043e20b3083e03c2043e538301be5bf0053e3
OBJD-T: 020000ca

----------------
IN: parse
0x00011c30:  
OBJD-T: 38301be5df0053e33d0000ca

----------------
IN: parse
0x00011d34:  
OBJD-T: 38301be5ff0053e34900001a

----------------
IN: parse
0x00011e68:  
OBJD-T: 0c301be5083043e20c0053e303f18f90

----------------
IN: parse
0x00011e80:  
OBJD-T: 0a0000ea

----------------
IN: parse
0x00011eb0:  
OBJD-T: 38301be57330efe60310a0e12c001be532e4ffeb

----------------
IN: iobuf_set_partial_body_length_mode
0x0000af90:  
OBJD-T: 00482de904b08de210d04de210000be514100be514301be5000053e31d00001a

----------------
IN: iobuf_set_partial_body_length_mode
0x0000b028:  
OBJD-T: 2010a0e30100a0e3a31700eb

----------------
IN: iobuf_set_partial_body_length_mode
0x0000b034:  
OBJD-T: 08000be510301be50030d3e50320a0e108301be5002083e508301be50120a0e3
OBJD-T: 0c2083e508301be50020a0e3042083e514201be508301be5182083e508201be5
OBJD-T: 28309fe503308fe00310a0e110001be509fbffeb

----------------
IN: iobuf_push_filter
0x00009cb0:  
OBJD-T: 00482de904b08de210d04de208000be50c100be510200be50030a0e310201be5
OBJD-T: 0c101be508001be5030000eb

----------------
IN: iobuf_push_filter2
0x00009cec:  
OBJD-T: 30482de90cb08de248d04de240000be544100be548200be54c300be578429fe5
OBJD-T: 04408fe00030a0e318300be50030a0e310300be540301be50030d3e5020053e3
OBJD-T: 0700001a

----------------
IN: iobuf_push_filter2
0x00009d50:  
OBJD-T: 40301be5443093e53f0053e3050000da

----------------
IN: iobuf_push_filter2
0x00009d78:  
OBJD-T: 4800a0e3131c00eb

----------------
IN: iobuf_push_filter2
0x00009d80:  
OBJD-T: 14000be54820a0e340101be514001be5c41c00eb

----------------
IN: iobuf_push_filter2
0x00009d94:  
OBJD-T: 40301be50020a0e32c2083e540301be50020a0e3302083e540301be50020a0e3
OBJD-T: 342083e540301be50020a0e3242083e540301be50030d3e5030053e30600001a

----------------
IN: iobuf_push_filter2
0x00009df0:  
OBJD-T: 40301be50030d3e5010053e30500001a

----------------
IN: iobuf_push_filter2
0x00009e00:  
OBJD-T: 40301be50020a0e30020c3e540301be5022aa0e3142083e540301be5143093e5
OBJD-T: 0300a0e1e91b00eb

----------------
IN: iobuf_push_filter2
0x00009e28:  
OBJD-T: 0020a0e140301be5202083e540301be50020a0e31c2083e540301be50020a0e3
OBJD-T: 182083e514301be50c2093e514301be5083093e5032082e040301be50c2083e5
OBJD-T: 40301be50020a0e3082083e540301be5082093e540301be5042083e540301be5
OBJD-T: 0020a0e3102083e540301be514201be53c2083e540301be544201be52c2083e5
OBJD-T: 40301be548201be5302083e540301be54c201be5342083e514301be5443093e5
OBJD-T: 012083e240301be5442083e5b4309fe5033094e7003093e5000053e30f00000a

----------------
IN: iobuf_push_filter2
0x00009f28:  
OBJD-T: 40301be52c3093e5000053e31000000a

----------------
IN: iobuf_push_filter2
0x00009f38:  
OBJD-T: 40301be52c4093e540301be5300093e540301be53c2093e518304be200308de5
OBJD-T: 0030a0e30110a0e334ff2fe1

----------------
IN: block_filter
0x00008668:  
OBJD-T: 00482de904b08de240d04de238000be53c100be540200be544300be538301be5
OBJD-T: 28300be544301be52c300be504309be5003093e508300be50030a0e310300be5
OBJD-T: 3c301be5030053e3aa01001a

----------------
IN: block_filter
0x00008d60:  
OBJD-T: 3c301be5040053e3ab00001a

----------------
IN: block_filter
0x0000901c:  
OBJD-T: 3c301be5010053e32100001a

----------------
IN: block_filter
0x00009028:  
OBJD-T: 28301be50c3093e5000053e30300000a

----------------
IN: block_filter
0x00009038:  
OBJD-T: 28301be50020a0e3082083e50f0000ea

----------------
IN: block_filter
0x00009088:  
OBJD-T: 28301be50020a0e31c2083e528301be50020a0e3102083e528301be50020a0e3
OBJD-T: 142083e5940000ea

----------------
IN: block_filter
0x00009304:  
OBJD-T: 10301be50300a0e104d04be20088bde8

----------------
IN: iobuf_push_filter2
0x00009f64:  
OBJD-T: 10000be510301be5000053e30100000a

----------------
IN: iobuf_push_filter2
0x00009f7c:  
OBJD-T: 0300a0e10cd04be23088bde8

----------------
IN: iobuf_push_filter
0x00009cdc:  
OBJD-T: 0030a0e10300a0e104d04be20088bde8

----------------
IN: iobuf_set_partial_body_length_mode
0x0000b088:  
OBJD-T: 00f020e304d04be20088bde8

----------------
IN: parse
0x00011ec4:  
OBJD-T: 0030a0e314300be50130a0e31c300be57c0000ea

----------------
IN: parse
0x000122c4:  
OBJD-T: 1b0000ea

----------------
IN: parse
0x00012338:  
OBJD-T: 1c301be504308de524301be500308de54c301be514201be50c101be52c001be5
OBJD-T: 640500eb

----------------
IN: parse_encrypted
0x000138f0:  
OBJD-T: 00482de904b08de220d04de218000be51c100be520200be524300be558339fe5
OBJD-T: 03308fe00300a0e1910400eb

----------------
IN: parse_encrypted
0x0001391c:  
OBJD-T: 0030a0e308300be520301be50c300be51400a0e326f5ffeb

----------------
IN: parse_encrypted
0x00013934:  
OBJD-T: 0020a0e124301be5042083e524301be5043093e510300be510301be50020a0e3
OBJD-T: 042083e510301be50020a0e3102083e504309be57320efe610301be50820c3e5
OBJD-T: 08309be57320efe610301be50920c3e510301be50020a0e30b20c3e510301be5
OBJD-T: 0020a0e30c20c3e510301be50020a0e30d20c3e51c301be5120053e33d00001a

----------------
IN: parse_encrypted
0x00013aac:  
OBJD-T: 10301be50020a0e30a20c3e50c301be5000053e31700000a

----------------
IN: parse_encrypted
0x00013b24:  
OBJD-T: 10301be520201be5002083e510301be5003093e50310a0e144319fe503308fe0
OBJD-T: 0300a0e1050400eb

----------------
IN: uli2a
0x00013ff8:  
OBJD-T: 0c301be5000053e3

----------------
IN: uli2a
0x00014000:  
OBJD-T: 1500001a

----------------
IN: parse_encrypted
0x00013b4c:  
OBJD-T: 10301be5003093e5000053e30600000a

----------------
IN: parse_encrypted
0x00013b78:  
OBJD-T: 10319fe503308fe0003093e5000053e32100000a

----------------
IN: parse_encrypted
0x00013c14:  
OBJD-T: 10101be58c309fe503308fe00300a0e1ce0300eb

----------------
IN: parse_encrypted
0x00013c28:  
OBJD-T: 18101be57c309fe503308fe00300a0e1c90300eb

----------------
IN: parse_encrypted
0x00013c3c:  
OBJD-T: 10301be518201be5102083e508101be560309fe503308fe00300a0e1c10300eb

----------------
IN: parse_encrypted
0x00013c5c:  
OBJD-T: 08301be50300a0e104d04be20088bde8

----------------
IN: parse
0x0001235c:  
OBJD-T: 08000be50f0000ea

----------------
IN: do_proc_packets
0x00016218:  
OBJD-T: 110000ea

----------------
IN: do_proc_packets
0x00016264:  
OBJD-T: 08101be53c001be537feffeb

----------------
IN: proc_encrypted
0x00015b50:  
OBJD-T: 00482de904b08de220d04de218000be51c100be5cc329fe503308fe00300a0e1
OBJD-T: fbfbffeb

----------------
IN: proc_encrypted
0x00015b74:  
OBJD-T: 0030a0e308300be5b8329fe503308fe0003093e510300be50030a0e30c300be5
OBJD-T: 1c301be50030d3e5140053e30200001a

----------------
IN: proc_encrypted
0x00015bb0:  
OBJD-T: 1c301be50030d3e5120053e30200001a

----------------
IN: proc_encrypted
0x00015bcc:  
OBJD-T: 10301be5000053e30300000a

----------------
IN: proc_encrypted
0x00015be8:  
OBJD-T: 08301be5000053e31400001a

----------------
IN: proc_encrypted
0x00015bf4:  
OBJD-T: 18301be5000093e51c301be5

----------------
IN: proc_encrypted
0x00015c00:  
OBJD-T: 042093e518301be52c1093e514304be200308de50130a0e118101be5c5d7ffeb

----------------
IN: decrypt_data
0x0000bb38:  
OBJD-T: 10482de908b08de25cd04de250000be554100be558200be55c300be5e0359fe5
OBJD-T: 03308fe00300a0e1ff2300eb

----------------
IN: decrypt_data
0x0000bb64:  
OBJD-T: 0030a0e310300be504309be50020a0e3002083e58010a0e30100a0e3d11500eb

----------------
IN: xtrycalloc
0x000112cc:  
OBJD-T: 00482de904b08de210d04de210000be514100be510301be5000053e30c00000a

----------------
IN: xtrycalloc
0x000112ec:  
OBJD-T: 14301be5000053e30900000a

----------------
IN: xtrycalloc
0x000112f8:  
OBJD-T: 10301be514201be5920302e010301be512f333e714201be5030052e10100000a

----------------
IN: xtrycalloc
0x00011320:  
OBJD-T: 10301be514201be5920303e008300be508001be5dbfdffeb

----------------
IN: xtrycalloc
0x00011338:  
OBJD-T: 0c000be50c301be5000053e30300000a

----------------
IN: xtrycalloc
0x00011348:  
OBJD-T: 08201be50010a0e30c001be53affffeb

----------------
IN: xtrycalloc
0x00011358:  
OBJD-T: 0c301be50300a0e104d04be20088bde8

----------------
IN: decrypt_data
0x0000bb84:  
OBJD-T: 0030a0e12c300be52c301be5000053e30200001a

----------------
IN: decrypt_data
0x0000bba4:  
OBJD-T: 2c301be50120a0e3002083e52c301be5783093e50310a0e17c359fe503308fe0
OBJD-T: 0300a0e1e52300eb

----------------
IN: decrypt_data
0x0000bbcc:  
OBJD-T: 0230a0e315304be558301be50a30d3e50310a0e15c301be5003093e50020a0e3
OBJD-T: 00208de50120a0e148159fe501108fe01700a0e3

----------------
IN: decrypt_data
0x0000bc00:  
OBJD-T: d72300eb

----------------
IN: decrypt_data
0x0000bc04:  
OBJD-T: 0830a0e31c300be51c301be5000053e30200000a

----------------
IN: decrypt_data
0x0000bc18:  
OBJD-T: 1c301be5100053e30400009a

----------------
IN: decrypt_data
0x0000bc38:  
OBJD-T: 58301be50b30d3e5000053e30701001a

----------------
IN: decrypt_data
0x0000bc48:  
OBJD-T: 1c301be520300be558301be5003093e5000053e30a00000a

----------------
IN: decrypt_data
0x0000bc8c:  
OBJD-T: 2c304be20420a0e30010a0e30300a0e1e81400eb

----------------
IN: decrypt_data
0x0000bca0:  
OBJD-T: 2c401be54000a0e37e1300eb

----------------
IN: decrypt_data
0x0000bcac:  
OBJD-T: 0030a0e1043084e52c301be5043093e5000053e30100001a

----------------
IN: decrypt_data
0x0000bccc:  
OBJD-T: 2c301be5043093e54020a0e30010a0e30300a0e1d71400eb

----------------
IN: decrypt_data
0x0000bce4:  
OBJD-T: 10301be5000053e30300000a

----------------
IN: decrypt_data
0x0000bd00:  
OBJD-T: 2c301be5040093e55c301be50c1093e55c301be5043093e50320a0e1340400eb

----------------
IN: _gcry_cipher_setkey
0x0000cdf4:  
OBJD-T: 04b02de500b08de22cd04de220000be524100be528200be51c304be20020a0e3
OBJD-T: 002083e5042083e5082083e50c2083e50030a0e308300be50030a0e30c300be5
OBJD-T: 230000ea

----------------
IN: _gcry_cipher_setkey
0x0000cec8:  
OBJD-T: 0c301be5030053e3d8ffffda

----------------
IN: _gcry_cipher_setkey
0x0000ce38:  
OBJD-T: 08301be524201be5033082e00030d3e5032ca0e108301be5013083e224101be5
OBJD-T: 033081e00030d3e50338a0e1032082e008301be5023083e224101be5033081e0
OBJD-T: 0030d3e50334a0e1033082e008201be5032082e224101be5022081e00020d2e5
OBJD-T: 023083e00310a0e120301be50c201be50c2082e2021183e708301be5043083e2
OBJD-T: 08300be50c301be5013083e20c300be50c301be5030053e3d8ffffda

----------------
IN: _gcry_cipher_setkey
0x0000ced4:  
OBJD-T: 0030a0e30300a0e100d08be204b09de41eff2fe1

----------------
IN: decrypt_data
0x0000bd20:  
OBJD-T: 10000be558301be5103093e5000053e30800001a

----------------
IN: decrypt_data
0x0000bd58:  
OBJD-T: 2c301be5043093e50820a0e30010a0e30300a0e15d0400eb

----------------
IN: _gcry_cipher_setiv
0x0000cee8:  
OBJD-T: 00482de904b08de210d04de208000be50c100be510200be508301be50020a0e3
OBJD-T: 202083e50c301be5000053e30500000a

----------------
IN: _gcry_cipher_setiv
0x0000cf30:  
OBJD-T: 08301be510201be50010a0e30300a0e13f1000eb

----------------
IN: _gcry_cipher_setiv
0x0000cf44:  
OBJD-T: 0030a0e30300a0e104d04be20088bde8

----------------
IN: decrypt_data
0x0000bd70:  
OBJD-T: 58301be5003093e5000053e34800000a

----------------
IN: decrypt_data
0x0000bea4:  
OBJD-T: 0030a0e314300be52f0000ea

----------------
IN: decrypt_data
0x0000bf70:  
OBJD-T: 20301be5022083e214301be5030052e1caffff8a

----------------
IN: decrypt_data
0x0000beb0:  
OBJD-T: 58301be5103093e5103093e5000053e30700001a

----------------
IN: decrypt_data
0x0000bec4:  
OBJD-T: 58301be5103093e5182093e558301be5103093e51c3093e5030052e10500003a

----------------
IN: decrypt_data
0x0000bee4:  
OBJD-T: 58301be5103093e50300a0e191faffeb

----------------
IN: iobuf_readbyte
0x0000a93c:  
OBJD-T: 00482de904b08de210d04de210000be510301be50030d3e5020053e30300000a

----------------
IN: iobuf_readbyte
0x0000a95c:  
OBJD-T: 10301be50030d3e5030053e30500001a

----------------
IN: iobuf_readbyte
0x0000a984:  
OBJD-T: 10301be5043093e5000053e30700000a

----------------
IN: iobuf_readbyte
0x0000a9b4:  
OBJD-T: 10301be5182093e510301be51c3093e5030052e10a00002a

----------------
IN: iobuf_readbyte
0x0000a9f8:  
OBJD-T: 0110a0e310001be55afeffeb

----------------
IN: underflow
0x0000a370:  
OBJD-T: 00482de904b08de208d04de208000be50c100be50120a0e30c101be508001be5
OBJD-T: 030000eb

----------------
IN: underflow_target
0x0000a3a4:  
OBJD-T: 10482de908b08de234d04de228000be52c100be530200be528301be50030d3e5
OBJD-T: 010053e30100001a

----------------
IN: underflow_target
0x0000a3d4:  
OBJD-T: 28301be51c2093e528301be5183093e5032042e028301be51c2083e528301be5
OBJD-T: 200093e528301be5202093e5

----------------
IN: underflow_target
0x0000a400:  
OBJD-T: 28301be5183093e5031082e028301be51c3093e50320a0e13f1b00eb

----------------
IN: memmove
0x0001111c:  
OBJD-T: 04b02de500b08de21cd04de210000be514100be518200be510301be508300be5
OBJD-T: 14301be50c300be508201be50c301be5030052e12600009a

----------------
IN: memmove
0x000111f0:  
OBJD-T: 18301be5012043e218200be5000053e3f2ffff1a

----------------
IN: memmove
0x00011204:  
OBJD-T: 10301be50300a0e100d08be204b09de41eff2fe1

----------------
IN: underflow_target
0x0000a41c:  
OBJD-T: 28301be50020a0e3182083e528301be51c3093e530201be5030052e12500009a

----------------
IN: underflow_target
0x0000a43c:  
OBJD-T: 28301be5243093e5000053e32100000a

----------------
IN: underflow_target
0x0000a4d4:  
OBJD-T: 28301be51c3093e5000053e30500001a

----------------
IN: underflow_target
0x0000a4e4:  
OBJD-T: 28301be5283093e5000053e30100000a

----------------
IN: underflow_target
0x0000a4fc:  
OBJD-T: 28301be52c3093e5000053e38a00000a

----------------
IN: underflow_target
0x0000a50c:  
OBJD-T: 28301be5243093e5000053e38600001a

----------------
IN: underflow_target
0x0000a51c:  
OBJD-T: 28301be5283093e5000053e38200001a

----------------
IN: underflow_target
0x0000a52c:  
OBJD-T: 28301be5142093e528301be51c3093e5033042e01c300be51c301be5000053e3
OBJD-T: 0200001a

----------------
IN: underflow_target
0x0000a55c:  
OBJD-T: 28301be52c4093e528301be5300093e528301be53c1093e528301be5202093e5
OBJD-T: 28301be51c3093e5032082e01c304be200308de50230a0e10120a0e10310a0e3
OBJD-T: 34ff2fe1

----------------
IN: block_filter
0x000086b4:  
OBJD-T: 0030a0e318300be52c301be514300be508301be50300a0e1243100eb

----------------
IN: block_filter
0x000086d0:  
OBJD-T: 28301be51c3093e5000053e38d01000a

----------------
IN: block_filter
0x00008d18:  
OBJD-T: 10301be5000053e30a00001a

----------------
IN: block_filter
0x00008d24:  
OBJD-T: 08301be5000053e36efeff1a

----------------
IN: block_filter
0x000086ec:  
OBJD-T: 28301be5043093e5000053e37c01001a

----------------
IN: block_filter
0x000086fc:  
OBJD-T: 28301be50c3093e5020053e30800001a

----------------
IN: block_filter
0x00008730:  
OBJD-T: 28301be50c3093e5000053e36b01000a

----------------
IN: block_filter
0x00008740:  
OBJD-T: 28301be5183093e5000053e30600000a

----------------
IN: block_filter
0x00008750:  
OBJD-T: 28301be5183093e50c300be528301be50020a0e3182083e5220000ea

----------------
IN: block_filter
0x000087f8:  
OBJD-T: 0c301be5bf0053e3

----------------
IN: block_filter
0x00008800:  
OBJD-T: 120000ca

----------------
IN: block_filter
0x00008850:  
OBJD-T: 0c301be5df0053e33f0000ca

----------------
IN: block_filter
0x0000895c:  
OBJD-T: 0c301be5ff0053e3a200001a

----------------
IN: block_filter
0x00008bf4:  
OBJD-T: 0c301be51f3003e20120a0e3

----------------
IN: block_filter
0x00008c00:  
OBJD-T: 1233a0e10320a0e128301be5042083e5360000ea

----------------
IN: block_filter
0x00008cf0:  
OBJD-T: 10301be5000053e30600001a

----------------
IN: block_filter
0x00008cfc:  
OBJD-T: 08301be5000053e30300000a

----------------
IN: block_filter
0x00008d08:  
OBJD-T: 28301be5043093e5000053e3beffff1a

----------------
IN: block_filter
0x00008c14:  
OBJD-T: 28301be5042093e508301be5030052e10230a0310330a02134300be534301be5
OBJD-T: 0320a0e114101be540001be57f0700eb

----------------
IN: iobuf_read
0x0000aa44:  
OBJD-T: 00482de904b08de220d04de218000be51c100be520200be518301be5043093e5
OBJD-T: 0320a0e120101be540329fe503308fe00300a0e1392800eb

----------------
IN: iobuf_read
0x0000aa7c:  
OBJD-T: 1c301be508300be518301be50030d3e5020053e30300000a

----------------
IN: iobuf_read
0x0000aa94:  
OBJD-T: 18301be50030d3e5030053e30500001a

----------------
IN: iobuf_read
0x0000aabc:  
OBJD-T: 18301be5043093e5000053e32200000a

----------------
IN: iobuf_read
0x0000ab58:  
OBJD-T: 0030a0e30c300be50c301be520201be5030052e13200009a

----------------
IN: iobuf_read
0x0000ab70:  
OBJD-T: 18301be5182093e518301be51c3093e5030052e12c00002a

----------------
IN: iobuf_read
0x0000ab88:  
OBJD-T: 18301be51c2093e518301be5183093e5033042e010300be50c301be520201be5
OBJD-T: 033042e010201be5030052e10300009a

----------------
IN: iobuf_read
0x0000abb8:  
OBJD-T: 0c301be520201be5033042e010300be508301be5000053e30800000a

----------------
IN: iobuf_read
0x0000abd4:  
OBJD-T: 18301be5202093e518301be5183093e5033082e010201be50310a0e108001be5
OBJD-T: 2b1900eb

----------------
IN: iobuf_read
0x0000abf8:  
OBJD-T: 0c201be510301be5

----------------
IN: iobuf_read
0x0000ac00:  
OBJD-T: 033082e00c300be518301be5182093e510301be5032082e018301be5182083e5
OBJD-T: 08301be5000053e30300000a

----------------
IN: iobuf_read
0x0000ac2c:  
OBJD-T: 08201be510301be5033082e008300be50c301be520201be5030052e10b00009a

----------------
IN: iobuf_read
0x0000ac7c:  
OBJD-T: 0c301be520201be5030052e1b4ffff8a

----------------
IN: iobuf_read
0x0000ac8c:  
OBJD-T: 18301be5082093e50c301be5032082e018301be5082083e50c301be50300a0e1
OBJD-T: 04d04be20088bde8

----------------
IN: block_filter
0x00008c44:  
OBJD-T: 0c000be50c201be534301be5030052e1130000aa

----------------
IN: block_filter
0x00008ca8:  
OBJD-T: 0c301be508201be5033042e008300be528301be5042093e50c301be5032042e0
OBJD-T: 28301be5042083e50c301be514201be5033082e014300be50c301be518201be5
OBJD-T: 033082e018300be510301be5000053e30600001a

----------------
IN: block_filter
0x00008d30:  
OBJD-T: 060000ea

----------------
IN: block_filter
0x00008d50:  
OBJD-T: 04309be518201be5002083e5680100ea

----------------
IN: underflow_target
0x0000a5a0:  
OBJD-T: 10000be528301be51c2093e51c301be5032082e028301be51c2083e510301be5
OBJD-T: 010073e34f00001a

----------------
IN: underflow_target
0x0000a708:  
OBJD-T: 10301be5000053e30800000a

----------------
IN: underflow_target
0x0000a738:  
OBJD-T: 28301be5182093e528301be51c3093e5030052e10900002a

----------------
IN: underflow_target
0x0000a750:  
OBJD-T: 28301be5202093e528301be5183093e5010083e228101be5180081e5033082e0
OBJD-T: 0030d3e5000000ea

----------------
IN: underflow_target
0x0000a77c:  
OBJD-T: 0300a0e108d04be21088bde8

----------------
IN: underflow
0x0000a394:  
OBJD-T: 0030a0e10300a0e104d04be20088bde8

----------------
IN: iobuf_readbyte
0x0000aa04:  
OBJD-T: 08000be508301be5010073e30100001a

----------------
IN: iobuf_readbyte
0x0000aa1c:  
OBJD-T: 10301be5083093e5012083e210301be5082083e508301be50300a0e104d04be2
OBJD-T: 0088bde8

----------------
IN: decrypt_data
0x0000bef4:  
OBJD-T: 0030a0e10e0000ea

----------------
IN: decrypt_data
0x0000bf38:  
OBJD-T: 24300be524301be5010073e31100000a

----------------
IN: decrypt_data
0x0000bf48:  
OBJD-T: 24301be57310efe64c204be214301be5033082e00120a0e10020c3e514301be5
OBJD-T: 013083e214300be520301be5022083e214301be5030052e1caffff8a

----------------
IN: decrypt_data
0x0000befc:  
OBJD-T: 58301be5103093e5082093e5012082e2082083e558301be5103093e5201093e5
OBJD-T: 58301be5102093e5183092e5010083e2180082e5033081e00030d3e524300be5
OBJD-T: 24301be5010073e31100000a

----------------
IN: decrypt_data
0x0000bf84:  
OBJD-T: 020000ea

----------------
IN: decrypt_data
0x0000bf94:  
OBJD-T: 2c301be5040093e520301be5022083e24c104be20030a0e300308de50030a0e3
OBJD-T: 090400eb

----------------
IN: _gcry_cipher_decrypt
0x0000cfe0:  
OBJD-T: 00482de904b08de218d04de208000be50c100be510200be514300be58c209fe5

----------------
IN: _gcry_cipher_decrypt
0x0000d000:  
OBJD-T: 02208fe088309fe5033092e70310a0e180309fe503308fe00300a0e1d01e00eb

----------------
IN: _gcry_cipher_decrypt
0x0000d020:  
OBJD-T: 14301be5000053e30300001a

----------------
IN: _gcry_cipher_decrypt
0x0000d02c:  
OBJD-T: 0c301be514300be510301be504308be504209be510301be5030052e10500000a

----------------
IN: _gcry_cipher_decrypt
0x0000d064:  
OBJD-T: 04309be500308de514301be510201be50c101be508001be5c10000eb

----------------
IN: _gcry_cipher_cfb_decrypt
0x0000d388:  
OBJD-T: 00482de904b08de258d04de240000be544100be548200be54c300be50130a0e3
OBJD-T: 48201be504109be558059fe500008fe0e91d00eb

----------------
IN: _gcry_cipher_cfb_decrypt
0x0000d3bc:  
OBJD-T: 50359fe503308fe00300a0e1e51d00eb

----------------
IN: _gcry_cipher_cfb_decrypt
0x0000d3cc:  
OBJD-T: 0030a0e308300be50b0000ea

----------------
IN: _gcry_cipher_cfb_decrypt
0x0000d408:  
OBJD-T: 08301be5070053e3f0ffffda

----------------
IN: _gcry_cipher_cfb_decrypt
0x0000d3d8:  
OBJD-T: 40201be508301be5033082e00030d3e50310a0e124359fe503308fe00300a0e1
OBJD-T: d91d00eb

----------------
IN: _gcry_cipher_cfb_decrypt
0x0000d3fc:  
OBJD-T: 08301be5

----------------
IN: _gcry_cipher_cfb_decrypt
0x0000d400:  
OBJD-T: 013083e208300be508301be5070053e3f0ffffda

----------------
IN: _gcry_cipher_cfb_decrypt
0x0000d414:  
OBJD-T: 00359fe503308fe00300a0e1cf1d00eb

----------------
IN: _gcry_cipher_cfb_decrypt
0x0000d424:  
OBJD-T: 40001be5cdffffeb

----------------
IN: _gcry_blocksize_shift
0x0000d364:  
OBJD-T: 04b02de500b08de20cd04de208000be50330a0e30300a0e100d08be204b09de4
OBJD-T: 1eff2fe1

----------------
IN: _gcry_cipher_cfb_decrypt
0x0000d42c:  
OBJD-T: 0c000be50830a0e310300be510301be58330a0e114300be548201be504309be5
OBJD-T: 030052e10100002a

----------------
IN: _gcry_cipher_cfb_decrypt
0x0000d45c:  
OBJD-T: 40301be5203093e50320a0e104309be5020053e11600008a

----------------
IN: _gcry_cipher_cfb_decrypt
0x0000d4d0:  
OBJD-T: 0030a0e318300be540301be5203093e5000053e32200000a

----------------
IN: _gcry_cipher_cfb_decrypt
0x0000d574:  
OBJD-T: 04209be514301be5030052e14a00003a

----------------
IN: _gcry_cipher_cfb_decrypt
0x0000d6b0:  
OBJD-T: 04209be514301be5030052e1ceffff2a

----------------
IN: _gcry_cipher_cfb_decrypt
0x0000d6c0:  
OBJD-T: 04209be510301be5030052e13900003a

----------------
IN: _gcry_cipher_cfb_decrypt
0x0000d6d0:  
OBJD-T: 40301be5203093e548201be504109be538029fe500008fe01d1d00eb

----------------
IN: _gcry_cipher_cfb_decrypt
0x0000d6ec:  
OBJD-T: 40301be5103083e240101be510201be50300a0e1f0fbffeb

----------------
IN: cipher_block_cpy
0x0000c6c8:  
OBJD-T: 00482de904b08de228d04de220000be524100be528200be520301be508300be5
OBJD-T: 24301be50c300be528301be5080053e31400001a

----------------
IN: cipher_block_cpy
0x0000c6fc:  
OBJD-T: 0c001be5a1ffffeb

----------------
IN: buf_get_le32
0x0000c58c:  
OBJD-T: 04b02de500b08de224d04de220000be520301be5000053e30100001a

----------------
IN: buf_get_le32
0x0000c5b0:  
OBJD-T: 20301be508300be508301be50c300be50c301be50030d3e57330efe610300be5
OBJD-T: 0c301be5013083e20030d3e57330efe614300be50c301be5023083e20030d3e5
OBJD-T: 7330efe618300be50c301be5033083e20030d3e57330efe61c300be51c301be5
OBJD-T: 032ca0e118301be50338a0e1032082e114301be50334a0e1032082e110301be5
OBJD-T: 033082e10300a0e100d08be204b09de41eff2fe1

----------------
IN: cipher_block_cpy
0x0000c704:  
OBJD-T: 0030a0e11c300be50c301be5043083e20300a0e19bffffeb

----------------
IN: cipher_block_cpy
0x0000c71c:  
OBJD-T: 0030a0e118300be51c301be50310a0e108001be5c3ffffeb

----------------
IN: buf_put_le32
0x0000c644:  
OBJD-T: 04b02de500b08de214d04de210000be514100be510301be508300be514301be5
OBJD-T: 232ca0e108301be5033083e27220efe60020c3e514301be52328a0e108301be5
OBJD-T: 023083e27220efe60020c3e514301be52324a0e108301be5013083e27220efe6
OBJD-T: 0020c3e514301be57320efe608301be50020c3e500f020e300d08be204b09de4
OBJD-T: 1eff2fe1

----------------
IN: cipher_block_cpy
0x0000c734:  
OBJD-T: 08301be5043083e218201be50210a0e10300a0e1bdffffeb

----------------
IN: cipher_block_cpy
0x0000c74c:  
OBJD-T: 2b0000ea

----------------
IN: cipher_block_cpy
0x0000c800:  
OBJD-T: 00f020e304d04be20088bde8

----------------
IN: _gcry_cipher_cfb_decrypt
0x0000d704:  
OBJD-T: 40201be530304be20210a0e10300a0e1740c00eb

----------------
IN: blockFromBytes
0x000108ec:  
OBJD-T: 04b02de500b08de21cd04de218000be51c100be50030a0e310300be50030a0e3
OBJD-T: 0c300be50030a0e308300be5160000ea

----------------
IN: blockFromBytes
0x00010978:  
OBJD-T: 08301be5070053e3e5ffffda

----------------
IN: blockFromBytes
0x0001091c:  
OBJD-T: 08301be5030053e3080000ca

----------------
IN: blockFromBytes
0x00010928:  
OBJD-T: 10301be50334a0e108201be51c101be5022081e00020d2e5023083e110300be5
OBJD-T: 070000ea

----------------
IN: blockFromBytes
0x0001096c:  
OBJD-T: 08301be5013083e208300be508301be5070053e3e5ffffda

----------------
IN: blockFromBytes
0x0001094c:  
OBJD-T: 0c301be50334a0e108201be51c101be5022081e00020d2e5023083e10c300be5
OBJD-T: 08301be5013083e208300be508301be5070053e3e5ffffda

----------------
IN: blockFromBytes
0x00010984:  
OBJD-T: 18301be50320a0e110304be2030093e8030082e818001be500d08be204b09de4
OBJD-T: 1eff2fe1

----------------
IN: _gcry_cipher_cfb_decrypt
0x0000d718:  
OBJD-T: 30304be2030093e8e80000eb

----------------
IN: printBlock
0x0000dac8:  
OBJD-T: 00482de904b08de208d04de20c304be2030083e80c301be508201be50310a0e1
OBJD-T: 14309fe503308fe00300a0e11a1c00eb

----------------
IN: printBlock
0x0000daf8:  
OBJD-T: 00f020e304d04be20088bde8

----------------
IN: _gcry_cipher_cfb_decrypt
0x0000d724:  
OBJD-T: 40301be5301083e254004be20030a0e300308de530304be20c0093e8560c00eb

----------------
IN: encrypt
0x000108a0:  
OBJD-T: 00482de904b08de218d04de208000be50c100be514104be20c0081e808001be5
OBJD-T: 04309be504308de50030a0e300308de514304be20c0093e80c101be5bdf4ffeb

----------------
IN: run
0x0000dbd8:  
OBJD-T: f0482de914b08de21ade4de290010be594110be5671f4be20c0081e8d04d9fe5
OBJD-T: 04408fe070304be2

----------------
IN: run
0x0000dc00:  
OBJD-T: 0020a0e3002083e5042083e5082083e50c2083e570304be21020a0e394111be5
OBJD-T: 0300a0e11f0d00eb

----------------
IN: run
0x0000dc28:  
OBJD-T: 80304be20020a0e3002083e5042083e5082083e50c2083e508309be5000053e3
OBJD-T: 2600000a

----------------
IN: run
0x0000dce8:  
OBJD-T: 013c4be28020a0e30010a0e30300a0e1d10c00eb

----------------
IN: run
0x0000dcfc:  
OBJD-T: 0030a0e31c300be5640800ea

----------------
IN: run
0x0000fe9c:  
OBJD-T: 1c301be5010053e397f7ffda

----------------
IN: run
0x0000dd08:  
OBJD-T: 08309be5000053e30400000a

----------------
IN: run
0x0000dd28:  
OBJD-T: 08309be5000053e33700000a

----------------
IN: run
0x0000de14:  
OBJD-T: 70501be570304be20d10a0e30300a0e1f6feffeb

----------------
IN: g
0x0000da04:  
OBJD-T: 04b02de500b08de20cd04de208000be50130a0e109304be509305be524209fe5
OBJD-T: 02208fe00330d2e70320a0e108301be5023083e00030d3e50300a0e100d08be2
OBJD-T: 04b09de41eff2fe1

----------------
IN: run
0x0000de28:  
OBJD-T: 0030a0e10320a0e11c3c9fe5033094e7023193e7035025e070304be20f10a0e3
OBJD-T: 0300a0e1ecfeffeb

----------------
IN: run
0x0000de50:  
OBJD-T: 0030a0e10320a0e1003c9fe5033094e7023193e7035025e070304be20c10a0e3
OBJD-T: 0300a0e1e2feffeb

----------------
IN: run
0x0000de78:  
OBJD-T: 0030a0e10320a0e1d03b9fe5033094e7023193e7035025e070304be20e10a0e3
OBJD-T: 0300a0e1d8feffeb

----------------
IN: run
0x0000dea0:  
OBJD-T: 0030a0e10320a0e1ac3b9fe5033094e7023193e7035025e070304be20810a0e3
OBJD-T: 0300a0e1cefeffeb

----------------
IN: run
0x0000dec8:  
OBJD-T: 0030a0e10320a0e1803b9fe5033094e7023193e7053023e080300be568501be5
OBJD-T: 80304be20010a0e30300a0e1c2feffeb

----------------
IN: run
0x0000def8:  
OBJD-T: 0030a0e10320a0e14c3b9fe5033094e7023193e7035025e080304be20210a0e3
OBJD-T: 0300a0e1b8feffeb

----------------
IN: run
0x0000df20:  
OBJD-T: 0030a0e10320a0e1303b9fe5033094e7023193e7035025e080304be20110a0e3
OBJD-T: 0300a0e1aefeffeb

----------------
IN: run
0x0000df48:  
OBJD-T: 0030a0e10320a0e1003b9fe5033094e7023193e7035025e080304be20310a0e3
OBJD-T: 0300a0e1a4feffeb

----------------
IN: run
0x0000df70:  
OBJD-T: 0030a0e10320a0e1dc3a9fe5033094e7023193e7035025e070304be20a10a0e3
OBJD-T: 0300a0e19afeffeb

----------------
IN: run
0x0000df98:  
OBJD-T: 0030a0e10320a0e1b43a9fe5033094e7023193e7053023e07c300be564501be5
OBJD-T: 80304be20710a0e30300a0e18efeffeb

----------------
IN: run
0x0000dfc8:  
OBJD-T: 0030a0e10320a0e17c3a9fe5033094e7023193e7035025e080304be20610a0e3
OBJD-T: 0300a0e184feffeb

----------------
IN: run
0x0000dff0:  
OBJD-T: 0030a0e10320a0e1603a9fe5033094e7

----------------
IN: run
0x0000e000:  
OBJD-T: 023193e7035025e080304be20510a0e30300a0e17afeffeb

----------------
IN: run
0x0000e018:  
OBJD-T: 0030a0e10320a0e1303a9fe5033094e7023193e7035025e080304be20410a0e3
OBJD-T: 0300a0e170feffeb

----------------
IN: run
0x0000e040:  
OBJD-T: 0030a0e10320a0e10c3a9fe5033094e7023193e7035025e070304be20910a0e3
OBJD-T: 0300a0e166feffeb

----------------
IN: run
0x0000e068:  
OBJD-T: 0030a0e10320a0e1dc399fe5033094e7023193e7053023e078300be56c501be5
OBJD-T: 80304be20a10a0e30300a0e15afeffeb

----------------
IN: run
0x0000e098:  
OBJD-T: 0030a0e10320a0e1ac399fe5033094e7023193e7035025e080304be20910a0e3
OBJD-T: 0300a0e150feffeb

----------------
IN: run
0x0000e0c0:  
OBJD-T: 0030a0e10320a0e190399fe5033094e7023193e7035025e080304be20b10a0e3
OBJD-T: 0300a0e146feffeb

----------------
IN: run
0x0000e0e8:  
OBJD-T: 0030a0e10320a0e160399fe5033094e7023193e7035025e080304be20810a0e3
OBJD-T: 0300a0e13cfeffeb

----------------
IN: run
0x0000e110:  
OBJD-T: 0030a0e10320a0e13c399fe5033094e7023193e7035025e070304be20b10a0e3
OBJD-T: 0300a0e132feffeb

----------------
IN: run
0x0000e138:  
OBJD-T: 0030a0e10320a0e118399fe5033094e7023193e7053023e074300be508309be5
OBJD-T: 000053e31a00000a

----------------
IN: run
0x0000e1cc:  
OBJD-T: 80304be20810a0e30300a0e109feffeb

----------------
IN: run
0x0000e1dc:  
OBJD-T: 0030a0e10320a0e168389fe5033094e7025193e780304be20910a0e30300a0e1
OBJD-T: 00feffeb

----------------
IN: run
0x0000e200:  
OBJD-T: 0030a0e10320a0e150389fe5033094e7023193e7035025e080304be20710a0e3
OBJD-T: 0300a0e1f6fdffeb

----------------
IN: run
0x0000e228:  
OBJD-T: 0030a0e10320a0e120389fe5033094e7023193e7035025e080304be20610a0e3
OBJD-T: 0300a0e1ecfdffeb

----------------
IN: run
0x0000e250:  
OBJD-T: 0030a0e10320a0e1fc379fe5033094e7023193e7035025e080304be20210a0e3
OBJD-T: 0300a0e1e2fdffeb

----------------
IN: run
0x0000e278:  
OBJD-T: 0030a0e10320a0e1cc379fe5033094e7022193e71c301be50332a0e1052022e0
OBJD-T: 0331a0e1143043e20b3083e0ec2003e580304be20a10a0e30300a0e1d2fdffeb

----------------
IN: run
0x0000e2b8:  
OBJD-T: 0030a0e10320a0e18c379fe5033094e7025193e780304be20b10a0e30300a0e1
OBJD-T: c9fdffeb

----------------
IN: run
0x0000e2dc:  
OBJD-T: 0030a0e10320a0e174379fe5033094e7023193e7035025e080304be20510a0e3
OBJD-T: 0300a0e1bffdffeb

----------------
IN: run
0x0000e304:  
OBJD-T: 0030a0e10320a0e144379fe5033094e7023193e7035025e080304be20410a0e3
OBJD-T: 0300a0e1b5fdffeb

----------------
IN: run
0x0000e32c:  
OBJD-T: 0030a0e10320a0e120379fe5033094e7023193e7035025e080304be20610a0e3
OBJD-T: 0300a0e1abfdffeb

----------------
IN: run
0x0000e354:  
OBJD-T: 0030a0e10320a0e1fc369fe5033094e7022193e71c301be50332a0e1013083e2
OBJD-T: 052022e00331a0e1143043e20b3083e0ec2003e580304be20c10a0e30300a0e1
OBJD-T: 9afdffeb

----------------
IN: run
0x0000e398:  
OBJD-T: 0030a0e10320a0e1ac369fe5033094e7025193e780304be20d10a0e30300a0e1
OBJD-T: 91fdffeb

----------------
IN: run
0x0000e3bc:  
OBJD-T: 0030a0e10320a0e194369fe5033094e7023193e7035025e080304be20310a0e3
OBJD-T: 0300a0e187fdffeb

----------------
IN: run
0x0000e3e4:  
OBJD-T: 0030a0e10320a0e164369fe5033094e7023193e7035025e080304be2

----------------
IN: run
0x0000e400:  
OBJD-T: 0210a0e30300a0e17dfdffeb

----------------
IN: run
0x0000e40c:  
OBJD-T: 0030a0e10320a0e140369fe5033094e7023193e7035025e080304be20910a0e3
OBJD-T: 0300a0e173fdffeb

----------------
IN: run
0x0000e434:  
OBJD-T: 0030a0e10320a0e114369fe5033094e7022193e71c301be50332a0e1023083e2
OBJD-T: 052022e00331a0e1143043e20b3083e0ec2003e580304be20e10a0e30300a0e1
OBJD-T: 62fdffeb

----------------
IN: run
0x0000e478:  
OBJD-T: 0030a0e10320a0e1cc359fe5033094e7025193e780304be20f10a0e30300a0e1
OBJD-T: 59fdffeb

----------------
IN: run
0x0000e49c:  
OBJD-T: 0030a0e10320a0e1b4359fe5033094e7023193e7035025e080304be20110a0e3
OBJD-T: 0300a0e14ffdffeb

----------------
IN: run
0x0000e4c4:  
OBJD-T: 0030a0e10320a0e184359fe5033094e7023193e7035025e080304be20010a0e3
OBJD-T: 0300a0e145fdffeb

----------------
IN: run
0x0000e4ec:  
OBJD-T: 0030a0e10320a0e160359fe5033094e7023193e7035025e080304be20c10a0e3
OBJD-T: 0300a0e13bfdffeb

----------------
IN: run
0x0000e514:  
OBJD-T: 0030a0e10320a0e138359fe5033094e7022193e71c301be50332a0e1033083e2
OBJD-T: 052022e00331a0e1143043e20b3083e0ec2003e508309be5000053e32300000a

----------------
IN: run
0x0000e5e4:  
OBJD-T: 08309be5000053e31c00000a

----------------
IN: run
0x0000e664:  
OBJD-T: 78501be580304be20510a0e30300a0e1e2fcffeb

----------------
IN: run
0x0000e678:  
OBJD-T: 0030a0e10320a0e1cc339fe5033094e7023193e7035025e080304be20710a0e3
OBJD-T: 0300a0e1d8fcffeb

----------------
IN: run
0x0000e6a0:  
OBJD-T: 0030a0e10320a0e1b0339fe5033094e7023193e7035025e080304be20410a0e3
OBJD-T: 0300a0e1cefcffeb

----------------
IN: run
0x0000e6c8:  
OBJD-T: 0030a0e10320a0e180339fe5033094e7023193e7035025e080304be20610a0e3
OBJD-T: 0300a0e1c4fcffeb

----------------
IN: run
0x0000e6f0:  
OBJD-T: 0030a0e10320a0e15c339fe5033094e7023193e7035025e080304be20010a0e3
OBJD-T: 0300a0e1bafcffeb

----------------
IN: run
0x0000e718:  
OBJD-T: 0030a0e10320a0e130339fe5033094e7023193e7053023e070300be580501be5
OBJD-T: 70304be20010a0e30300a0e1aefcffeb

----------------
IN: run
0x0000e748:  
OBJD-T: 0030a0e10320a0e1fc329fe5033094e7023193e7035025e070304be20210a0e3
OBJD-T: 0300a0e1a4fcffeb

----------------
IN: run
0x0000e770:  
OBJD-T: 0030a0e10320a0e1e0329fe5033094e7023193e7035025e070304be20110a0e3
OBJD-T: 0300a0e19afcffeb

----------------
IN: run
0x0000e798:  
OBJD-T: 0030a0e10320a0e1b0329fe5033094e7023193e7035025e070304be20310a0e3
OBJD-T: 0300a0e190fcffeb

----------------
IN: run
0x0000e7c0:  
OBJD-T: 0030a0e10320a0e18c329fe5033094e7023193e7035025e080304be20210a0e3
OBJD-T: 0300a0e186fcffeb

----------------
IN: run
0x0000e7e8:  
OBJD-T: 0030a0e10320a0e164329fe5033094e7023193e7053023e0

----------------
IN: run
0x0000e800:  
OBJD-T: 6c300be57c501be570304be20710a0e30300a0e17afcffeb

----------------
IN: run
0x0000e818:  
OBJD-T: 0030a0e10320a0e12c329fe5033094e7023193e7035025e070304be20610a0e3
OBJD-T: 0300a0e170fcffeb

----------------
IN: run
0x0000e840:  
OBJD-T: 0030a0e10320a0e110329fe5033094e7023193e7035025e070304be20510a0e3
OBJD-T: 0300a0e166fcffeb

----------------
IN: run
0x0000e868:  
OBJD-T: 0030a0e10320a0e1e0319fe5033094e7023193e7035025e070304be20410a0e3
OBJD-T: 0300a0e15cfcffeb

----------------
IN: run
0x0000e890:  
OBJD-T: 0030a0e10320a0e1bc319fe5033094e7023193e7035025e080304be20110a0e3
OBJD-T: 0300a0e152fcffeb

----------------
IN: run
0x0000e8b8:  
OBJD-T: 0030a0e10320a0e18c319fe5033094e7023193e7053023e068300be574501be5
OBJD-T: 70304be20a10a0e30300a0e146fcffeb

----------------
IN: run
0x0000e8e8:  
OBJD-T: 0030a0e10320a0e15c319fe5033094e7023193e7035025e070304be20910a0e3
OBJD-T: 0300a0e13cfcffeb

----------------
IN: run
0x0000e910:  
OBJD-T: 0030a0e10320a0e140319fe5033094e7023193e7035025e070304be20b10a0e3
OBJD-T: 0300a0e132fcffeb

----------------
IN: run
0x0000e938:  
OBJD-T: 0030a0e10320a0e110319fe5033094e7023193e7035025e070304be20810a0e3
OBJD-T: 0300a0e128fcffeb

----------------
IN: run
0x0000e960:  
OBJD-T: 0030a0e10320a0e1ec309fe5033094e7023193e7035025e080304be20310a0e3
OBJD-T: 0300a0e11efcffeb

----------------
IN: run
0x0000e988:  
OBJD-T: 0030a0e10320a0e1c8309fe5033094e7023193e7053023e064300be508309be5
OBJD-T: 000053e34300000a

----------------
IN: run
0x0000eac0:  
OBJD-T: 70304be20310a0e30300a0e1ccfbffeb

----------------
IN: run
0x0000ead0:  
OBJD-T: 0030a0e10320a0e18c301fe5033094e7025193e770304be20210a0e30300a0e1
OBJD-T: c3fbffeb

----------------
IN: run
0x0000eaf4:  
OBJD-T: 0030a0e10320a0e1a4301fe5033094e7023193e7035025e070304be20c10a0e3
OBJD-T: 0300a0e1b9fbffeb

----------------
IN: run
0x0000eb1c:  
OBJD-T: 0030a0e10320a0e1d4301fe5033094e7023193e7035025e070304be20d10a0e3
OBJD-T: 0300a0e1affbffeb

----------------
IN: run
0x0000eb44:  
OBJD-T: 0030a0e10320a0e1f8301fe5033094e7023193e7035025e070304be20810a0e3
OBJD-T: 0300a0e1a5fbffeb

----------------
IN: run
0x0000eb6c:  
OBJD-T: 0030a0e10320a0e128311fe5033094e7022193e71c301be50332a0e1043083e2
OBJD-T: 052022e00331a0e1143043e20b3083e0ec2003e570304be20110a0e30300a0e1
OBJD-T: 94fbffeb

----------------
IN: run
0x0000ebb0:  
OBJD-T: 0030a0e10320a0e16c311fe5033094e7025193e770304be20010a0e30300a0e1
OBJD-T: 8bfbffeb

----------------
IN: run
0x0000ebd4:  
OBJD-T: 0030a0e10320a0e184311fe5033094e7023193e7035025e070304be20e10a0e3
OBJD-T: 0300a0e181fbffeb

----------------
IN: run
0x0000ebfc:  
OBJD-T: 0030a0e1

----------------
IN: run
0x0000ec00:  
OBJD-T: 0320a0e1b4311fe5033094e7023193e7035025e070304be20f10a0e30300a0e1
OBJD-T: 77fbffeb

----------------
IN: run
0x0000ec24:  
OBJD-T: 0030a0e10320a0e1d8311fe5033094e7023193e7035025e070304be20d10a0e3
OBJD-T: 0300a0e16dfbffeb

----------------
IN: run
0x0000ec4c:  
OBJD-T: 0030a0e10320a0e1fc311fe5033094e7022193e71c301be50332a0e1053083e2
OBJD-T: 052022e00331a0e1143043e20b3083e0ec2003e570304be20710a0e30300a0e1
OBJD-T: 5cfbffeb

----------------
IN: run
0x0000ec90:  
OBJD-T: 0030a0e10320a0e14c321fe5033094e7025193e770304be20610a0e30300a0e1
OBJD-T: 53fbffeb

----------------
IN: run
0x0000ecb4:  
OBJD-T: 0030a0e10320a0e164321fe5033094e7023193e7035025e070304be20810a0e3
OBJD-T: 0300a0e149fbffeb

----------------
IN: run
0x0000ecdc:  
OBJD-T: 0030a0e10320a0e194321fe5033094e7023193e7035025e070304be20910a0e3
OBJD-T: 0300a0e13ffbffeb

----------------
IN: run
0x0000ed04:  
OBJD-T: 0030a0e10320a0e1b8321fe5033094e7023193e7035025e070304be20310a0e3
OBJD-T: 0300a0e135fbffeb

----------------
IN: run
0x0000ed2c:  
OBJD-T: 0030a0e10320a0e1e4321fe5033094e7022193e71c301be50332a0e1063083e2
OBJD-T: 052022e00331a0e1143043e20b3083e0ec2003e570304be20510a0e30300a0e1
OBJD-T: 24fbffeb

----------------
IN: run
0x0000ed70:  
OBJD-T: 0030a0e10320a0e12c331fe5033094e7025193e770304be20410a0e30300a0e1
OBJD-T: 1bfbffeb

----------------
IN: run
0x0000ed94:  
OBJD-T: 0030a0e10320a0e144331fe5033094e7023193e7035025e070304be20a10a0e3
OBJD-T: 0300a0e111fbffeb

----------------
IN: run
0x0000edbc:  
OBJD-T: 0030a0e10320a0e174331fe5033094e7023193e7035025e070304be20b10a0e3
OBJD-T: 0300a0e107fbffeb

----------------
IN: run
0x0000ede4:  
OBJD-T: 0030a0e10320a0e198331fe5033094e7023193e7035025e070304be20710a0e3
OBJD-T: 0300a0e1fdfaffeb

----------------
IN: run
0x0000ee0c:  
OBJD-T: 0030a0e10320a0e1c0331fe5033094e7022193e71c301be50332a0e1073083e2
OBJD-T: 052022e00331a0e1143043e20b3083e0ec2003e508309be5000053e32400000a

----------------
IN: run
0x0000eee0:  
OBJD-T: 70501be570304be20d10a0e30300a0e1c3faffeb

----------------
IN: run
0x0000eef4:  
OBJD-T: 0030a0e10320a0e1b0341fe5033094e7023193e7035025e070304be20f10a0e3
OBJD-T: 0300a0e1b9faffeb

----------------
IN: run
0x0000ef1c:  
OBJD-T: 0030a0e10320a0e1cc341fe5033094e7023193e7035025e070304be20c10a0e3
OBJD-T: 0300a0e1affaffeb

----------------
IN: run
0x0000ef44:  
OBJD-T: 0030a0e10320a0e1fc341fe5033094e7023193e7035025e070304be20e10a0e3
OBJD-T: 0300a0e1a5faffeb

----------------
IN: run
0x0000ef6c:  
OBJD-T: 0030a0e10320a0e120351fe5033094e7023193e7035025e070304be20810a0e3
OBJD-T: 0300a0e19bfaffeb

----------------
IN: run
0x0000ef94:  
OBJD-T: 0030a0e10320a0e14c351fe5033094e7023193e7053023e080300be568501be5
OBJD-T: 80304be20010a0e30300a0e18ffaffeb

----------------
IN: run
0x0000efc4:  
OBJD-T: 0030a0e10320a0e180351fe5033094e7023193e7035025e080304be20210a0e3
OBJD-T: 0300a0e185faffeb

----------------
IN: run
0x0000efec:  
OBJD-T: 0030a0e10320a0e19c351fe5033094e7023193e7

----------------
IN: run
0x0000f000:  
OBJD-T: 035025e080304be20110a0e30300a0e17bfaffeb

----------------
IN: run
0x0000f014:  
OBJD-T: 0030a0e10320a0e1cc351fe5033094e7023193e7035025e080304be20310a0e3
OBJD-T: 0300a0e171faffeb

----------------
IN: run
0x0000f03c:  
OBJD-T: 0030a0e10320a0e1f0351fe5033094e7023193e7035025e070304be20a10a0e3
OBJD-T: 0300a0e167faffeb

----------------
IN: run
0x0000f064:  
OBJD-T: 0030a0e10320a0e118361fe5033094e7023193e7053023e07c300be564501be5
OBJD-T: 80304be20710a0e30300a0e15bfaffeb

----------------
IN: run
0x0000f094:  
OBJD-T: 0030a0e10320a0e150361fe5033094e7023193e7035025e080304be20610a0e3
OBJD-T: 0300a0e151faffeb

----------------
IN: run
0x0000f0bc:  
OBJD-T: 0030a0e10320a0e16c361fe5033094e7023193e7035025e080304be20510a0e3
OBJD-T: 0300a0e147faffeb

----------------
IN: run
0x0000f0e4:  
OBJD-T: 0030a0e10320a0e19c361fe5033094e7023193e7035025e080304be20410a0e3
OBJD-T: 0300a0e13dfaffeb

----------------
IN: run
0x0000f10c:  
OBJD-T: 0030a0e10320a0e1c0361fe5033094e7023193e7035025e070304be20910a0e3
OBJD-T: 0300a0e133faffeb

----------------
IN: run
0x0000f134:  
OBJD-T: 0030a0e10320a0e1f0361fe5033094e7023193e7053023e078300be56c501be5
OBJD-T: 80304be20a10a0e30300a0e127faffeb

----------------
IN: run
0x0000f164:  
OBJD-T: 0030a0e10320a0e120371fe5033094e7023193e7035025e080304be20910a0e3
OBJD-T: 0300a0e11dfaffeb

----------------
IN: run
0x0000f18c:  
OBJD-T: 0030a0e10320a0e13c371fe5033094e7023193e7035025e080304be20b10a0e3
OBJD-T: 0300a0e113faffeb

----------------
IN: run
0x0000f1b4:  
OBJD-T: 0030a0e10320a0e16c371fe5033094e7023193e7035025e080304be20810a0e3
OBJD-T: 0300a0e109faffeb

----------------
IN: run
0x0000f1dc:  
OBJD-T: 0030a0e10320a0e190371fe5033094e7023193e7035025e070304be20b10a0e3
OBJD-T: 0300a0e1fff9ffeb

----------------
IN: run
0x0000f204:  
OBJD-T: 0030a0e10320a0e1b4371fe5033094e7023193e7053023e074300be508309be5
OBJD-T: 000053e31a00000a

----------------
IN: run
0x0000f298:  
OBJD-T: 80304be20310a0e30300a0e1d6f9ffeb

----------------
IN: run
0x0000f2a8:  
OBJD-T: 0030a0e10320a0e164381fe5033094e7025193e780304be20210a0e30300a0e1
OBJD-T: cdf9ffeb

----------------
IN: run
0x0000f2cc:  
OBJD-T: 0030a0e10320a0e17c381fe5033094e7023193e7035025e080304be20c10a0e3
OBJD-T: 0300a0e1c3f9ffeb

----------------
IN: run
0x0000f2f4:  
OBJD-T: 0030a0e10320a0e1ac381fe5033094e7023193e7035025e080304be20d10a0e3
OBJD-T: 0300a0e1b9f9ffeb

----------------
IN: run
0x0000f31c:  
OBJD-T: 0030a0e10320a0e1d0381fe5033094e7023193e7035025e080304be20910a0e3
OBJD-T: 0300a0e1aff9ffeb

----------------
IN: run
0x0000f344:  
OBJD-T: 0030a0e10320a0e100391fe5033094e7022193e71c301be50332a0e1083083e2
OBJD-T: 052022e00331a0e1143043e20b3083e0ec2003e580304be20110a0e30300a0e1
OBJD-T: 9ef9ffeb

----------------
IN: run
0x0000f388:  
OBJD-T: 0030a0e10320a0e144391fe5033094e7025193e780304be20010a0e30300a0e1
OBJD-T: 95f9ffeb

----------------
IN: run
0x0000f3ac:  
OBJD-T: 0030a0e10320a0e15c391fe5033094e7023193e7035025e080304be20e10a0e3
OBJD-T: 0300a0e18bf9ffeb

----------------
IN: run
0x0000f3d4:  
OBJD-T: 0030a0e10320a0e18c391fe5033094e7023193e7035025e080304be20f10a0e3
OBJD-T: 0300a0e181f9ffeb

----------------
IN: run
0x0000f3fc:  
OBJD-T: 0030a0e1

----------------
IN: run
0x0000f400:  
OBJD-T: 0320a0e1b0391fe5033094e7023193e7035025e080304be20c10a0e30300a0e1
OBJD-T: 77f9ffeb

----------------
IN: run
0x0000f424:  
OBJD-T: 0030a0e10320a0e1d4391fe5033094e7022193e71c301be50332a0e1093083e2
OBJD-T: 052022e00331a0e1143043e20b3083e0ec2003e580304be20710a0e30300a0e1
OBJD-T: 66f9ffeb

----------------
IN: run
0x0000f468:  
OBJD-T: 0030a0e10320a0e1243a1fe5033094e7025193e780304be20610a0e30300a0e1
OBJD-T: 5df9ffeb

----------------
IN: run
0x0000f48c:  
OBJD-T: 0030a0e10320a0e13c3a1fe5033094e7023193e7035025e080304be20810a0e3
OBJD-T: 0300a0e153f9ffeb

----------------
IN: run
0x0000f4b4:  
OBJD-T: 0030a0e10320a0e16c3a1fe5033094e7023193e7035025e080304be20910a0e3
OBJD-T: 0300a0e149f9ffeb

----------------
IN: run
0x0000f4dc:  
OBJD-T: 0030a0e10320a0e1903a1fe5033094e7023193e7035025e080304be20210a0e3
OBJD-T: 0300a0e13ff9ffeb

----------------
IN: run
0x0000f504:  
OBJD-T: 0030a0e10320a0e1bc3a1fe5033094e7022193e71c301be50332a0e10a3083e2
OBJD-T: 052022e00331a0e1143043e20b3083e0ec2003e580304be20510a0e30300a0e1
OBJD-T: 2ef9ffeb

----------------
IN: run
0x0000f548:  
OBJD-T: 0030a0e10320a0e1043b1fe5033094e7025193e780304be20410a0e30300a0e1
OBJD-T: 25f9ffeb

----------------
IN: run
0x0000f56c:  
OBJD-T: 0030a0e10320a0e11c3b1fe5033094e7023193e7035025e080304be20a10a0e3
OBJD-T: 0300a0e11bf9ffeb

----------------
IN: run
0x0000f594:  
OBJD-T: 0030a0e10320a0e14c3b1fe5033094e7023193e7035025e080304be20b10a0e3
OBJD-T: 0300a0e111f9ffeb

----------------
IN: run
0x0000f5bc:  
OBJD-T: 0030a0e10320a0e1703b1fe5033094e7023193e7035025e080304be20610a0e3
OBJD-T: 0300a0e107f9ffeb

----------------
IN: run
0x0000f5e4:  
OBJD-T: 0030a0e10320a0e1983b1fe5033094e7022193e71c301be50332a0e10b3083e2
OBJD-T: 052022e00331a0e1143043e20b3083e0ec2003e508309be5000053e32400000a

----------------
IN: run
0x0000f6b8:  
OBJD-T: 78501be580304be20510a0e30300a0e1cdf8ffeb

----------------
IN: run
0x0000f6cc:  
OBJD-T: 0030a0e10320a0e1883c1fe5033094e7023193e7035025e080304be20710a0e3
OBJD-T: 0300a0e1c3f8ffeb

----------------
IN: run
0x0000f6f4:  
OBJD-T: 0030a0e10320a0e1a43c1fe5033094e7023193e7035025e080304be20410a0e3
OBJD-T: 0300a0e1b9f8ffeb

----------------
IN: run
0x0000f71c:  
OBJD-T: 0030a0e10320a0e1d43c1fe5033094e7023193e7035025e080304be20610a0e3
OBJD-T: 0300a0e1aff8ffeb

----------------
IN: run
0x0000f744:  
OBJD-T: 0030a0e10320a0e1f83c1fe5033094e7023193e7035025e080304be20010a0e3
OBJD-T: 0300a0e1a5f8ffeb

----------------
IN: run
0x0000f76c:  
OBJD-T: 0030a0e10320a0e1243d1fe5033094e7023193e7053023e070300be580501be5
OBJD-T: 70304be20010a0e30300a0e199f8ffeb

----------------
IN: run
0x0000f79c:  
OBJD-T: 0030a0e10320a0e1583d1fe5033094e7023193e7035025e070304be20210a0e3
OBJD-T: 0300a0e18ff8ffeb

----------------
IN: run
0x0000f7c4:  
OBJD-T: 0030a0e10320a0e1743d1fe5033094e7023193e7035025e070304be20110a0e3
OBJD-T: 0300a0e185f8ffeb

----------------
IN: run
0x0000f7ec:  
OBJD-T: 0030a0e10320a0e1a43d1fe5033094e7023193e7

----------------
IN: run
0x0000f800:  
OBJD-T: 035025e070304be20310a0e30300a0e17bf8ffeb

----------------
IN: run
0x0000f814:  
OBJD-T: 0030a0e10320a0e1c83d1fe5033094e7023193e7035025e080304be20210a0e3
OBJD-T: 0300a0e171f8ffeb

----------------
IN: run
0x0000f83c:  
OBJD-T: 0030a0e10320a0e1f03d1fe5033094e7023193e7053023e06c300be57c501be5
OBJD-T: 70304be20710a0e30300a0e165f8ffeb

----------------
IN: run
0x0000f86c:  
OBJD-T: 0030a0e10320a0e1283e1fe5033094e7023193e7035025e070304be20610a0e3
OBJD-T: 0300a0e15bf8ffeb

----------------
IN: run
0x0000f894:  
OBJD-T: 0030a0e10320a0e1443e1fe5033094e7023193e7035025e070304be20510a0e3
OBJD-T: 0300a0e151f8ffeb

----------------
IN: run
0x0000f8bc:  
OBJD-T: 0030a0e10320a0e1743e1fe5033094e7023193e7035025e070304be20410a0e3
OBJD-T: 0300a0e147f8ffeb

----------------
IN: run
0x0000f8e4:  
OBJD-T: 0030a0e10320a0e1983e1fe5033094e7023193e7035025e080304be20110a0e3
OBJD-T: 0300a0e13df8ffeb

----------------
IN: run
0x0000f90c:  
OBJD-T: 0030a0e10320a0e1c83e1fe5033094e7023193e7053023e068300be574501be5
OBJD-T: 70304be20a10a0e30300a0e131f8ffeb

----------------
IN: run
0x0000f93c:  
OBJD-T: 0030a0e10320a0e1f83e1fe5033094e7023193e7035025e070304be20910a0e3
OBJD-T: 0300a0e127f8ffeb

----------------
IN: run
0x0000f964:  
OBJD-T: 0030a0e10320a0e1143f1fe5033094e7023193e7035025e070304be20b10a0e3
OBJD-T: 0300a0e11df8ffeb

----------------
IN: run
0x0000f98c:  
OBJD-T: 0030a0e10320a0e1443f1fe5033094e7023193e7035025e070304be20810a0e3
OBJD-T: 0300a0e113f8ffeb

----------------
IN: run
0x0000f9b4:  
OBJD-T: 0030a0e10320a0e1683f1fe5033094e7023193e7035025e080304be20310a0e3
OBJD-T: 0300a0e109f8ffeb

----------------
IN: run
0x0000f9dc:  
OBJD-T: 0030a0e10320a0e18c3f1fe5033094e7023193e7053023e064300be508309be5
OBJD-T: 000053e31a00000a

----------------
IN: run
0x0000fa70:  
OBJD-T: 70304be20810a0e30300a0e1e0f7ffeb

----------------
IN: run
0x0000fa80:  
OBJD-T: 0030a0e10320a0e1903d9fe5033094e7025193e770304be20910a0e30300a0e1
OBJD-T: d7f7ffeb

----------------
IN: run
0x0000faa4:  
OBJD-T: 0030a0e10320a0e1703d9fe5033094e7023193e7035025e070304be20710a0e3
OBJD-T: 0300a0e1cdf7ffeb

----------------
IN: run
0x0000facc:  
OBJD-T: 0030a0e10320a0e14c3d9fe5033094e7023193e7035025e070304be20610a0e3
OBJD-T: 0300a0e1c3f7ffeb

----------------
IN: run
0x0000faf4:  
OBJD-T: 0030a0e10320a0e1283d9fe5033094e7023193e7035025e070304be20310a0e3
OBJD-T: 0300a0e1b9f7ffeb

----------------
IN: run
0x0000fb1c:  
OBJD-T: 0030a0e10320a0e1f43c9fe5033094e7022193e71c301be50332a0e10c3083e2
OBJD-T: 052022e00331a0e1143043e20b3083e0ec2003e570304be20a10a0e30300a0e1
OBJD-T: a8f7ffeb

----------------
IN: run
0x0000fb60:  
OBJD-T: 0030a0e10320a0e1b03c9fe5033094e7025193e770304be20b10a0e30300a0e1
OBJD-T: 9ff7ffeb

----------------
IN: run
0x0000fb84:  
OBJD-T: 0030a0e10320a0e1903c9fe5033094e7023193e7035025e070304be20510a0e3
OBJD-T: 0300a0e195f7ffeb

----------------
IN: run
0x0000fbac:  
OBJD-T: 0030a0e10320a0e16c3c9fe5033094e7023193e7035025e070304be20410a0e3
OBJD-T: 0300a0e18bf7ffeb

----------------
IN: run
0x0000fbd4:  
OBJD-T: 0030a0e10320a0e1483c9fe5033094e7023193e7035025e070304be20710a0e3
OBJD-T: 0300a0e181f7ffeb

----------------
IN: run
0x0000fbfc:  
OBJD-T: 0030a0e1

----------------
IN: run
0x0000fc00:  
OBJD-T: 0320a0e1183c9fe5033094e7022193e71c301be50332a0e10d3083e2052022e0
OBJD-T: 0331a0e1143043e20b3083e0ec2003e570304be20c10a0e30300a0e170f7ffeb

----------------
IN: run
0x0000fc40:  
OBJD-T: 0030a0e10320a0e1d03b9fe5033094e7025193e770304be20d10a0e30300a0e1
OBJD-T: 67f7ffeb

----------------
IN: run
0x0000fc64:  
OBJD-T: 0030a0e10320a0e1b03b9fe5033094e7023193e7035025e070304be20310a0e3
OBJD-T: 0300a0e15df7ffeb

----------------
IN: run
0x0000fc8c:  
OBJD-T: 0030a0e10320a0e18c3b9fe5033094e7023193e7035025e070304be20210a0e3
OBJD-T: 0300a0e153f7ffeb

----------------
IN: run
0x0000fcb4:  
OBJD-T: 0030a0e10320a0e1683b9fe5033094e7023193e7035025e070304be20810a0e3
OBJD-T: 0300a0e149f7ffeb

----------------
IN: run
0x0000fcdc:  
OBJD-T: 0030a0e10320a0e13c3b9fe5033094e7022193e71c301be50332a0e10e3083e2
OBJD-T: 052022e00331a0e1143043e20b3083e0ec2003e570304be20e10a0e30300a0e1
OBJD-T: 38f7ffeb

----------------
IN: run
0x0000fd20:  
OBJD-T: 0030a0e10320a0e1f03a9fe5033094e7025193e770304be20f10a0e30300a0e1
OBJD-T: 2ff7ffeb

----------------
IN: run
0x0000fd44:  
OBJD-T: 0030a0e10320a0e1d03a9fe5033094e7023193e7035025e070304be20110a0e3
OBJD-T: 0300a0e125f7ffeb

----------------
IN: run
0x0000fd6c:  
OBJD-T: 0030a0e10320a0e1ac3a9fe5033094e7023193e7035025e070304be20010a0e3
OBJD-T: 0300a0e11bf7ffeb

----------------
IN: run
0x0000fd94:  
OBJD-T: 0030a0e10320a0e1883a9fe5033094e7023193e7035025e070304be20d10a0e3
OBJD-T: 0300a0e111f7ffeb

----------------
IN: run
0x0000fdbc:  
OBJD-T: 0030a0e10320a0e1603a9fe5033094e7022193e71c301be50332a0e10f3083e2
OBJD-T: 052022e00331a0e1143043e20b3083e0ec2003e508309be5000053e32400000a

----------------
IN: run
0x0000fe90:  
OBJD-T: 1c301be5013083e21c300be51c301be5010053e397f7ffda

----------------
IN: run
0x0000fea8:  
OBJD-T: 513f4be24420a0e30010a0e30300a0e1610400eb

----------------
IN: run
0x0000febc:  
OBJD-T: 9c311be544310be5623f4be24420a0e30010a0e30300a0e15a0400eb

----------------
IN: run
0x0000fed8:  
OBJD-T: 98311be588310be508309be5000053e30300000a

----------------
IN: run
0x0000fefc:  
OBJD-T: 0030a0e34c300be5280200ea

----------------
IN: run
0x000107ac:  
OBJD-T: 4c301be50f0053e3d3fdffda

----------------
IN: run
0x0000ff08:  
OBJD-T: 04309be5000053e30200000a

----------------
IN: run
0x0000ff20:  
OBJD-T: 4c301be554300be554301be50331a0e1143043e20b3083e0ec3013e558300be5
OBJD-T: 54301be5103083e20331a0e1143043e20b3083e0ec3013e57330efe61f3003e2
OBJD-T: 59304be508309be5000053e32400000a

----------------
IN: run
0x00010004:  
OBJD-T: 0030a0e360300be50030a0e350300be554201be5563505e3553545e39332c1e0
OBJD-T: c23fa0e1033041e00310a0e3910303e0033042e0020053e30d01000a

----------------
IN: run
0x00010040:  
OBJD-T: 020053e3940100ca

----------------
IN: run
0x00010048:  
OBJD-T: 000053e30200000a

----------------
IN: run
0x0001005c:  
OBJD-T: 4c301be50331a0e1143043e20b3083e0743113e50310a0e158001be5a2f6ffeb

----------------
IN: sumMod2_32b
0x0000db08:  
OBJD-T: 04b02de500b08de20cd04de208000be50c100be508201be50c301be5033082e0
OBJD-T: 0300a0e100d08be204b09de41eff2fe1

----------------
IN: run
0x0001007c:  
OBJD-T: 0020a0e159305be50310a0e10200a0e1c0f6ffeb

----------------
IN: cyclicShift
0x0000db94:  
OBJD-T: 04b02de500b08de214d04de210000be50130a0e111304be511305be51f3003e2
OBJD-T: 05304be505305be510201be5203063e27233a0e10300a0e100d08be204b09de4
OBJD-T: 1eff2fe1

----------------
IN: run
0x00010090:  
OBJD-T: 60000be508309be5000053e30c00000a

----------------
IN: run
0x000100d4:  
OBJD-T: 623f4be2033043e2622f4be2022042e2621f4be2011041e2630f4be200008de5
OBJD-T: 60001be554f6ffeb

----------------
IN: splitI
0x0000da50:  
OBJD-T: 04b02de500b08de214d04de208000be50c100be510200be514300be508301be5
OBJD-T: 233ca0e17320efe60c301be50020c3e508301be52338a0e17320efe610301be5
OBJD-T: 0020c3e508301be52334a0e17320efe614301be50020c3e508301be57320efe6
OBJD-T: 04309be50020c3e500f020e300d08be204b09de41eff2fe1

----------------
IN: run
0x000100fc:  
OBJD-T: 08309be5000053e30b00000a

----------------
IN: run
0x00010138:  
OBJD-T: 89315be50320a0e10c379fe5033094e7022193e78a315be50310a0e1fc369fe5
OBJD-T: 033094e7013193e7032022e08b315be50310a0e1e8369fe5033094e7013193e7
OBJD-T: 0310a0e10200a0e16cf6ffeb

----------------
IN: subtractMod2_32b
0x0000db38:  
OBJD-T: 04b02de500b08de20cd04de208000be50c100be50c201be508301be5030052e1
OBJD-T: 0300008a

----------------
IN: subtractMod2_32b
0x0000db5c:  
OBJD-T: 08201be50c301be5033042e0050000ea

----------------
IN: subtractMod2_32b
0x0000db84:  
OBJD-T: 0300a0e100d08be204b09de41eff2fe1

----------------
IN: run
0x00010184:  
OBJD-T: 0020a0e18c315be50310a0e1c8369fe5033094e7013193e70310a0e10200a0e1
OBJD-T: 57f6ffeb

----------------
IN: run
0x000101a8:  
OBJD-T: 50000be508309be5000053e33301000a

----------------
IN: run
0x00010688:  
OBJD-T: 00f020e3020000ea

----------------
IN: run
0x0001069c:  
OBJD-T: 4c301be5011083e24c301be50331a0e1143043e20b3083e0742113e50131a0e1
OBJD-T: 143043e20b3083e0302103e54c301be50331a0e1143043e20b3083e0301113e5
OBJD-T: 4c301be5013083e250201be5012022e00331a0e1143043e20b3083e0742103e5
OBJD-T: 08309be5000053e32500000a

----------------
IN: run
0x000107a0:  
OBJD-T: 4c301be5013083e24c300be54c301be50f0053e3d3fdffda

----------------
IN: run
0x00010050:  
OBJD-T: 010053e38400000a

----------------
IN: run
0x0001026c:  
OBJD-T: 4c301be50331a0e1143043e20b3083e0742113e558301be5023023e059205be5
OBJD-T: 0210a0e10300a0e13ef6ffeb

----------------
IN: run
0x00010298:  
OBJD-T: 60000be508309be5000053e30c00000a

----------------
IN: run
0x000102dc:  
OBJD-T: 623f4be2033043e2622f4be2022042e2621f4be2011041e2630f4be200008de5
OBJD-T: 60001be5d2f5ffeb

----------------
IN: run
0x00010304:  
OBJD-T: 08309be5000053e30b00000a

----------------
IN: run
0x00010340:  
OBJD-T: 89315be50320a0e104359fe5033094e7022193e78a315be50310a0e1f4349fe5
OBJD-T: 033094e7013193e70310a0e10200a0e1f0f5ffeb

----------------
IN: subtractMod2_32b
0x0000db6c:  
OBJD-T: 0020e0e308301be5032082e00c301be5033042e0013083e20300a0e100d08be2
OBJD-T: 04b09de41eff2fe1

----------------
IN: run
0x00010374:  
OBJD-T: 0020a0e18b315be50310a0e1d4349fe5033094e7013193e70310a0e10200a0e1
OBJD-T: dbf5ffeb

----------------
IN: run
0x00010398:  
OBJD-T: 0020a0e18c315be50310a0e1b4349fe5033094e7013193e7023023e050300be5
OBJD-T: 08309be5000053e3b200000a

----------------
IN: run
0x00010690:  
OBJD-T: 00f020e3000000ea

----------------
IN: run
0x00010478:  
OBJD-T: 4c301be50331a0e1143043e20b3083e0743113e50310a0e158001be5a7f5ffeb

----------------
IN: run
0x00010498:  
OBJD-T: 0020a0e159305be50310a0e10200a0e1b9f5ffeb

----------------
IN: run
0x000104ac:  
OBJD-T: 60000be508309be5000053e30c00000a

----------------
IN: run
0x000104f0:  
OBJD-T: 623f4be2033043e2622f4be2022042e2621f4be2011041e2630f4be200008de5
OBJD-T: 60001be54df5ffeb

----------------
IN: run
0x00010518:  
OBJD-T: 08309be5000053e30b00000a

----------------
IN: run
0x00010554:  
OBJD-T: 89315be50320a0e1f0329fe5033094e7022193e78a315be50310a0e1e0329fe5
OBJD-T: 033094e7013193e70310a0e10200a0e15ff5ffeb

----------------
IN: run
0x00010588:  
OBJD-T: 0020a0e18b315be50310a0e1c0329fe5033094e7013193e7032022e08c315be5
OBJD-T: 0310a0e1ac329fe5033094e7013193e70310a0e10200a0e15cf5ffeb

----------------
IN: run
0x000105c4:  
OBJD-T: 50000be508309be5000053e33000000a

----------------
IN: run
0x00010698:  
OBJD-T: 00f020e34c301be5011083e24c301be50331a0e1143043e20b3083e0742113e5
OBJD-T: 0131a0e1143043e20b3083e0302103e54c301be50331a0e1143043e20b3083e0
OBJD-T: 301113e54c301be5013083e250201be5012022e00331a0e1143043e20b3083e0
OBJD-T: 742103e508309be5000053e32500000a

----------------
IN: run
0x000107b8:  
OBJD-T: 48311be59c310be504311be598310be508309be5000053e30a00000a

----------------
IN: run
0x00010800:  
OBJD-T: 90311be50320a0e1673f4be2030093e8030082e890011be514d04be2f088bde8

----------------
IN: encrypt
0x000108e0:  
OBJD-T: 08001be504d04be20088bde8

----------------
IN: _gcry_cipher_cfb_decrypt
0x0000d744:  
OBJD-T: 30304be254204be2030092e8030083e840301be50320a0e130304be2030093e8
OBJD-T: 6f0000eb

----------------
IN: bytesFromBlock
0x0000d928:  
OBJD-T: 04b02de500b08de214d04de20c304be2030083e810200be508201be510301be5
OBJD-T: 073083e27220efe60020c3e508301be52324a0e110301be5063083e27220efe6
OBJD-T: 0020c3e508301be52328a0e110301be5053083e27220efe60020c3e508301be5
OBJD-T: 232ca0e110301be5043083e27220efe60020c3e50c201be510301be5033083e2
OBJD-T: 7220efe60020c3e50c301be52324a0e110301be5023083e27220efe60020c3e5
OBJD-T: 0c301be52328a0e110301be5013083e27220efe60020c3e50c301be5233ca0e1
OBJD-T: 7320efe610301be50020c3e500f020e300d08be204b09de41eff2fe1

----------------
IN: _gcry_cipher_cfb_decrypt
0x0000d768:  
OBJD-T: 30304be2030093e8d40000eb

----------------
IN: _gcry_cipher_cfb_decrypt
0x0000d774:  
OBJD-T: 40101be510301be54c201be544001be520fdffeb

----------------
IN: cipher_block_xor_n_copy
0x0000cc0c:  
OBJD-T: 00482de904b08de218d04de208000be50c100be510200be514300be514301be5
OBJD-T: 00308de510301be50c201be510101be508001be5f1feffeb

----------------
IN: cipher_block_xor_n_copy_2
0x0000c80c:  
OBJD-T: 00482de904b08de258d04de250000be554100be558200be55c300be550301be5
OBJD-T: 0c300be558301be510300be554301be514300be55c301be518300be504309be5
OBJD-T: 080053e33600001a

----------------
IN: cipher_block_xor_n_copy_2
0x0000c854:  
OBJD-T: 18001be54bffffeb

----------------
IN: cipher_block_xor_n_copy_2
0x0000c85c:  
OBJD-T: 0030a0e128300be518301be5043083e20300a0e145ffffeb

----------------
IN: cipher_block_xor_n_copy_2
0x0000c874:  
OBJD-T: 0030a0e124300be510001be541ffffeb

----------------
IN: cipher_block_xor_n_copy_2
0x0000c884:  
OBJD-T: 0030a0e148300be510301be5043083e20300a0e13bffffeb

----------------
IN: cipher_block_xor_n_copy_2
0x0000c89c:  
OBJD-T: 0030a0e144300be514001be537ffffeb

----------------
IN: cipher_block_xor_n_copy_2
0x0000c8ac:  
OBJD-T: 0020a0e148301be5023023e038300be514301be5043083e20300a0e12fffffeb

----------------
IN: cipher_block_xor_n_copy_2
0x0000c8cc:  
OBJD-T: 0020a0e144301be5023023e034300be538301be50310a0e10c001be555ffffeb

----------------
IN: cipher_block_xor_n_copy_2
0x0000c8ec:  
OBJD-T: 0c301be5043083e234201be50210a0e10300a0e14fffffeb

----------------
IN: cipher_block_xor_n_copy_2
0x0000c904:  
OBJD-T: 28301be50310a0e110001be54bffffeb

----------------
IN: cipher_block_xor_n_copy_2
0x0000c914:  
OBJD-T: 10301be5043083e224201be50210a0e10300a0e145ffffeb

----------------
IN: cipher_block_xor_n_copy_2
0x0000c92c:  
OBJD-T: 4f0000ea

----------------
IN: cipher_block_xor_n_copy_2
0x0000ca70:  
OBJD-T: 00f020e304d04be20088bde8

----------------
IN: cipher_block_xor_n_copy
0x0000cc44:  
OBJD-T: 00f020e304d04be20088bde8

----------------
IN: _gcry_cipher_cfb_decrypt
0x0000d788:  
OBJD-T: 44201be510301be5033082e044300be54c201be510301be5033082e04c300be5
OBJD-T: 04209be510301be5033042e004308be504309be5000053e34e00000a

----------------
IN: _gcry_cipher_cfb_decrypt
0x0000d7c4:  
OBJD-T: 40301be5203093e548201be504109be548019fe500008fe0e01c00eb

----------------
IN: _gcry_cipher_cfb_decrypt
0x0000d7e0:  
OBJD-T: 40301be5103083e240101be510201be50300a0e1b3fbffeb

----------------
IN: _gcry_cipher_cfb_decrypt
0x0000d7f8:  
OBJD-T: 40201be538304be2

----------------
IN: _gcry_cipher_cfb_decrypt
0x0000d800:  
OBJD-T: 0210a0e10300a0e1370c00eb

----------------
IN: _gcry_cipher_cfb_decrypt
0x0000d80c:  
OBJD-T: 38304be2030093e8ab0000eb

----------------
IN: _gcry_cipher_cfb_decrypt
0x0000d818:  
OBJD-T: 40301be5301083e254004be20030a0e300308de538304be20c0093e8190c00eb

----------------
IN: _gcry_cipher_cfb_decrypt
0x0000d838:  
OBJD-T: 38304be254204be2030092e8030083e840301be50320a0e138304be2030093e8
OBJD-T: 320000eb

----------------
IN: _gcry_cipher_cfb_decrypt
0x0000d85c:  
OBJD-T: 38304be2030093e8970000eb

----------------
IN: _gcry_cipher_cfb_decrypt
0x0000d868:  
OBJD-T: 10201be540301be5202083e540301be5203093e50320a0e104309be5033042e0
OBJD-T: 0320a0e140301be5202083e540101be504309be54c201be544001be5c7fcffeb

----------------
IN: buf_xor_n_copy
0x0000cbc8:  
OBJD-T: 00482de904b08de218d04de208000be50c100be510200be514300be514301be5
OBJD-T: 00308de510301be50c201be510101be508001be59effffeb

----------------
IN: buf_xor_n_copy_2
0x0000ca7c:  
OBJD-T: 10482de908b08de22cd04de228000be52c100be530200be534300be528301be5
OBJD-T: 10300be530301be514300be52c301be518300be534301be51c300be51e0000ea

----------------
IN: buf_xor_n_copy_2
0x0000cb38:  
OBJD-T: 04309be5030053e3ddffff8a

----------------
IN: buf_xor_n_copy_2
0x0000cb44:  
OBJD-T: 180000ea

----------------
IN: buf_xor_n_copy_2
0x0000cbac:  
OBJD-T: 04309be5000053e3e3ffff1a

----------------
IN: buf_xor_n_copy_2
0x0000cb48:  
OBJD-T: 1c301be5012083e21c200be50030d3e51d304be514301be50010d3e518301be5
OBJD-T: 012083e218200be50020d3e510301be5010083e210000be5012022e07220efe6
OBJD-T: 0020c3e514301be5012083e214200be51d205be50020c3e504309be5013043e2
OBJD-T: 04308be504309be5000053e3e3ffff1a

----------------
IN: buf_xor_n_copy_2
0x0000cbb8:  
OBJD-T: 00f020e300f020e308d04be21088bde8

----------------
IN: buf_xor_n_copy
0x0000cc00:  
OBJD-T: 00f020e304d04be20088bde8

----------------
IN: _gcry_cipher_cfb_decrypt
0x0000d8a8:  
OBJD-T: 44201be504309be5033082e044300be54c201be504309be5033082e04c300be5
OBJD-T: 0030a0e304308be540201be554304be20210a0e10300a0e1010c00eb

----------------
IN: _gcry_cipher_cfb_decrypt
0x0000d8e4:  
OBJD-T: 38304be254204be2030092e8030083e838304be2030093e8710000eb

----------------
IN: _gcry_cipher_cfb_decrypt
0x0000d900:  
OBJD-T: 0030a0e30300a0e104d04be20088bde8

----------------
IN: _gcry_cipher_decrypt
0x0000d080:  
OBJD-T: 0030a0e10300a0e104d04be20088bde8

----------------
IN: decrypt_data
0x0000bfb8:  
OBJD-T: 2c301be5043093e50300a0e1e20300eb

----------------
IN: cipher_sync
0x0000cf54:  
OBJD-T: 00482de904b08de208d04de208000be508301be5203093e5000053e31700000a

----------------
IN: cipher_sync
0x0000cf74:  
OBJD-T: 08301be508201be5202092e5020083e008101be508301be5203093e5083063e2
OBJD-T: 0320a0e15f1000eb

----------------
IN: memmove
0x00011154:  
OBJD-T: 0c201be518301be5033082e008201be5030052e12000002a

----------------
IN: memmove
0x000111d0:  
OBJD-T: 0c201be5013082e20c300be508301be5011083e208100be50020d2e50020c3e5
OBJD-T: 18301be5012043e218200be5000053e3f2ffff1a

----------------
IN: cipher_sync
0x0000cf9c:  
OBJD-T: 08001be508301be5102083e208301be5203093e5083063e2031082e008301be5
OBJD-T: 203093e50320a0e1371000eb

----------------
IN: cipher_sync
0x0000cfc8:  
OBJD-T: 08301be50020a0e3202083e500f020e304d04be20088bde8

----------------
IN: decrypt_data
0x0000bfc8:  
OBJD-T: 4c304be228300be55c301be50830d3e5403003e27330efe6000053e31b00000a

----------------
IN: decrypt_data
0x0000bfe8:  
OBJD-T: 20301be5023043e228201be5033082e00020d3e528101be5

----------------
IN: decrypt_data
0x0000c000:  
OBJD-T: 20301be5033081e00030d3e5030052e10b00001a

----------------
IN: decrypt_data
0x0000c014:  
OBJD-T: 20301be5013043e228201be5033082e00020d3e520301be5013083e228101be5
OBJD-T: 033081e00030d3e5030052e10400000a

----------------
IN: decrypt_data
0x0000c058:  
OBJD-T: fc309fe503308fe00300a0e1be2200eb

----------------
IN: decrypt_data
0x0000c068:  
OBJD-T: 2c301be5002093e5012082e2002083e558301be50930d3e52c201be5000053e3
OBJD-T: 0130a0130030a0037310efe65030d2e51130c0e75030c2e52c301be558201be5
OBJD-T: 002092e5782083e558301be5103093e52c201be59c109fe501108fe00300a0e1
OBJD-T: f8f6ffeb

----------------
IN: iobuf_push_filter2
0x00009e18:  
OBJD-T: 40301be5143093e50300a0e1e91b00eb

----------------
IN: decode_filter
0x0000c338:  
OBJD-T: 00482de904b08de228d04de218000be51c100be520200be524300be518301be5
OBJD-T: 0c300be504309be5002093e50c301be5783093e51c101be558019fe500008fe0
OBJD-T: f92100eb

----------------
IN: decode_filter
0x0000c37c:  
OBJD-T: 04309be5003093e510300be50030a0e308300be51c301be5030053e30f00001a

----------------
IN: decode_filter
0x0000c3dc:  
OBJD-T: 1c301be5030053e33000001a

----------------
IN: decode_filter
0x0000c4ac:  
OBJD-T: 1c301be5020053e30100001a

----------------
IN: decode_filter
0x0000c4c0:  
OBJD-T: 08301be50300a0e104d04be20088bde8

----------------
IN: decrypt_data
0x0000c0cc:  
OBJD-T: 58301be5103093e50320a0e154101be550001be55f2700eb

----------------
IN: proc_packets
0x00015e64:  
OBJD-T: 00482de904b08de218d04de210000be514100be518200be55c309fe503308fe0
OBJD-T: 0300a0e135fbffeb

----------------
IN: proc_packets
0x00015e8c:  
OBJD-T: 6000a0e3eeebffeb

----------------
IN: proc_packets
0x00015e94:  
OBJD-T: 0030a0e108300be508301be510201be5002083e508301be514201be5042083e5
OBJD-T: 18201be508101be510001be5490000eb

----------------
IN: parse
0x00011a3c:  
OBJD-T: 2c001be5bde3ffeb

----------------
IN: decode_filter
0x0000c39c:  
OBJD-T: 0c301be55030d3e5063003e27330efe6000053e30900000a

----------------
IN: decode_filter
0x0000c3e8:  
OBJD-T: e8309fe503308fe00300a0e1da2100eb

----------------
IN: decode_filter
0x0000c3f8:  
OBJD-T: 0030a0e300308de5

----------------
IN: decode_filter
0x0000c400:  
OBJD-T: 10301be524201be520101be50c001be553ffffeb

----------------
IN: fill_buffer
0x0000c164:  
OBJD-T: 00482de904b08de220d04de218000be51c100be520200be524300be5a8319fe5
OBJD-T: 03308fe00300a0e1742200eb

----------------
IN: fill_buffer
0x0000c190:  
OBJD-T: 04309be508300be518301be55030d3e5013003e27330efe6000053e34a00000a

----------------
IN: fill_buffer
0x0000c1b0:  
OBJD-T: 24201be508101be574319fe503308fe00300a0e1662200eb

----------------
IN: size2a
0x00013ee8:  
OBJD-T: 0c301be5000053e30a00001a

----------------
IN: fill_buffer
0x0000c1c8:  
OBJD-T: 180000ea

----------------
IN: fill_buffer
0x0000c230:  
OBJD-T: 08201be524301be5030052e1e2ffff3a

----------------
IN: fill_buffer
0x0000c1cc:  
OBJD-T: 24201be508301be5033042e00c300be520201be508301be5033082e00c201be5
OBJD-T: 0310a0e11c001be512faffeb

----------------
IN: iobuf_read
0x0000abc8:  
OBJD-T: 08301be5000053e30800000a

----------------
IN: iobuf_read
0x0000ac4c:  
OBJD-T: 08301be5000053e30500000a

----------------
IN: iobuf_read
0x0000ac58:  
OBJD-T: 08301be5012083e208200be514201be57220efe60020c3e50c301be5013083e2
OBJD-T: 0c300be50c301be520201be5030052e1b4ffff8a

----------------
IN: iobuf_read
0x0000ab60:  
OBJD-T: 0c301be520201be5030052e13200009a

----------------
IN: iobuf_read
0x0000ac3c:  
OBJD-T: 0c301be520201be5030052e10b00009a

----------------
IN: fill_buffer
0x0000c1f8:  
OBJD-T: 10000be510301be5010073e30500001a

----------------
IN: fill_buffer
0x0000c220:  
OBJD-T: 10301be508201be5033082e008300be508201be524301be5030052e1e2ffff3a

----------------
IN: fill_buffer
0x0000c240:  
OBJD-T: 360000ea

----------------
IN: fill_buffer
0x0000c320:  
OBJD-T: 08301be50300a0e104d04be20088bde8

----------------
IN: decode_filter
0x0000c414:  
OBJD-T: 14000be514301be5000053e31000000a

----------------
IN: decode_filter
0x0000c424:  
OBJD-T: 0c301be5043093e5000053e30300000a

----------------
IN: decode_filter
0x0000c434:  
OBJD-T: a0309fe503308fe00300a0e1c72100eb

----------------
IN: decode_filter
0x0000c444:  
OBJD-T: 0c301be5040093e50030a0e300308de50030a0e314201be524101be5de0200eb

----------------
IN: _gcry_cipher_cfb_decrypt
0x0000d584:  
OBJD-T: 04209be50c301be53233a0e120300be540101be520301be500308de54c301be5
OBJD-T: 44201be540001be5d8feffeb

----------------
IN: _gcry_cast5_cfb_dec
0x0000d114:  
OBJD-T: 00482de904b08de260d04de248000be54c100be550200be554300be524329fe5
OBJD-T: 03308fe00300a0e1881e00eb

----------------
IN: _gcry_cast5_cfb_dec
0x0000d140:  
OBJD-T: 50301be508300be554301be50c300be504109be504329fe503308fe00300a0e1
OBJD-T: 7f1e00eb

----------------
IN: _gcry_cast5_cfb_dec
0x0000d164:  
OBJD-T: 0130a0e310300be504309be5020053e36e00009a

----------------
IN: _gcry_cast5_cfb_dec
0x0000d178:  
OBJD-T: 2c304be20820a0e34c101be50300a0e14efdffeb

----------------
IN: _gcry_cast5_cfb_dec
0x0000d18c:  
OBJD-T: 2c304be2083083e21020a0e30c101be50300a0e148fdffeb

----------------
IN: cipher_block_cpy
0x0000c750:  
OBJD-T: 0c001be58cffffeb

----------------
IN: cipher_block_cpy
0x0000c758:  
OBJD-T: 0030a0e11c300be50c301be5043083e20300a0e186ffffeb

----------------
IN: cipher_block_cpy
0x0000c770:  
OBJD-T: 0030a0e118300be50c301be5083083e20300a0e180ffffeb

----------------
IN: cipher_block_cpy
0x0000c788:  
OBJD-T: 0030a0e114300be50c301be50c3083e20300a0e17affffeb

----------------
IN: cipher_block_cpy
0x0000c7a0:  
OBJD-T: 0030a0e110300be51c301be50310a0e108001be5a2ffffeb

----------------
IN: cipher_block_cpy
0x0000c7b8:  
OBJD-T: 08301be5043083e218201be50210a0e10300a0e19cffffeb

----------------
IN: cipher_block_cpy
0x0000c7d0:  
OBJD-T: 08301be5083083e214201be50210a0e10300a0e196ffffeb

----------------
IN: cipher_block_cpy
0x0000c7e8:  
OBJD-T: 08301be50c3083e210201be50210a0e10300a0e190ffffeb

----------------
IN: _gcry_cast5_cfb_dec
0x0000d1a4:  
OBJD-T: 0c301be5103083e20820a0e30310a0e14c001be542fdffeb

----------------
IN: _gcry_cast5_cfb_dec
0x0000d1bc:  
OBJD-T: 0030a0e314300be5200000ea

----------------
IN: _gcry_cast5_cfb_dec
0x0000d24c:  
OBJD-T: 14301be5020053e3dbffffda

----------------
IN: _gcry_cast5_cfb_dec
0x0000d1c8:  
OBJD-T: 14301be58331a0e10320a0e12c304be2022083e044304be20210a0e10300a0e1
OBJD-T: bf0d00eb

----------------
IN: _gcry_cast5_cfb_dec
0x0000d1ec:  
OBJD-T: 48301be5301083e25c004be20030a0e300308de544304be20c0093e8a40d00eb

----------------
IN: _gcry_cast5_cfb_dec
0x0000d20c:  
OBJD-T: 44304be25c204be2030092e8030083e814301be58331a0e10320a0e12c304be2
OBJD-T: 023083e00320a0e144304be2030093e8b90100eb

----------------
IN: _gcry_cast5_cfb_dec
0x0000d240:  
OBJD-T: 14301be5013083e214300be514301be5020053e3dbffffda

----------------
IN: _gcry_cast5_cfb_dec
0x0000d258:  
OBJD-T: 2c204be20030a0e300308de51830a0e30c101be508001be576feffeb

----------------
IN: buf_xor
0x0000cc50:  
OBJD-T: 30482de90cb08de220d04de220000be524100be528200be52c300be520301be5
OBJD-T: 10300be524301be514300be528301be518300be52a0000ea

----------------
IN: buf_xor
0x0000cd34:  
OBJD-T: 2c301be5030053e3d1ffff8a

----------------
IN: buf_xor
0x0000cc88:  
OBJD-T: 04309be5000053e31100000a

----------------
IN: buf_xor
0x0000ccdc:  
OBJD-T: 14001be529feffeb

----------------
IN: buf_xor
0x0000cce4:  
OBJD-T: 0040a0e118001be526feffeb

----------------
IN: buf_xor
0x0000ccf0:  
OBJD-T: 0030a0e1043023e00310a0e110001be54ffeffeb

----------------
IN: buf_xor
0x0000cd04:  
OBJD-T: 10301be5043083e210300be514301be5043083e214300be518301be5043083e2
OBJD-T: 18300be52c301be5043043e22c300be52c301be5030053e3d1ffff8a

----------------
IN: buf_xor
0x0000cd40:  
OBJD-T: 220000ea

----------------
IN: buf_xor
0x0000cdd0:  
OBJD-T: 2c301be5000053e3d9ffff1a

----------------
IN: buf_xor
0x0000cddc:  
OBJD-T: 00f020e300f020e30cd04be23088bde8

----------------
IN: _gcry_cast5_cfb_dec
0x0000d274:  
OBJD-T: 1810a0e308001be587ffffeb

----------------
IN: ascii_dump
0x0000d0a0:  
OBJD-T: 00482de904b08de210d04de210000be514100be50030a0e308300be50b0000ea

----------------
IN: ascii_dump
0x0000d0f0:  
OBJD-T: 08201be514301be5030052e1efffff3a

----------------
IN: ascii_dump
0x0000d0c0:  
OBJD-T: 10201be508301be5033082e00030d3e50310a0e134309fe503308fe00300a0e1
OBJD-T: 9f1e00eb

----------------
IN: tfp_format
0x00014794:  
OBJD-T: c70000ea

----------------
IN: tfp_format
0x00014ab8:  
OBJD-T: 2c301be5042083e22c200be5003093e57320efe624301be50210a0e120001be5
OBJD-T: 33ff2fe1

----------------
IN: tfp_format
0x00014adc:  
OBJD-T: 130000ea

----------------
IN: ascii_dump
0x0000d0e4:  
OBJD-T: 08301be5013083e208300be508201be514301be5030052e1efffff3a

----------------
IN: ascii_dump
0x0000d100:  
OBJD-T: 00f020e300f020e304d04be20088bde8

----------------
IN: _gcry_cast5_cfb_dec
0x0000d280:  
OBJD-T: 330000ea

----------------
IN: _gcry_cast5_cfb_dec
0x0000d354:  
OBJD-T: 04d04be20088bde8

----------------
IN: _gcry_cipher_cfb_decrypt
0x0000d5b0:  
OBJD-T: 20201be50c301be51233a0e144201be5033082e044300be520201be50c301be5
OBJD-T: 1233a0e14c201be5033082e04c300be520201be50c301be51233a0e104209be5
OBJD-T: 033042e004308be5300000ea

----------------
IN: _gcry_cipher_cfb_decrypt
0x0000d7b8:  
OBJD-T: 04309be5000053e34e00000a

----------------
IN: decode_filter
0x0000c464:  
OBJD-T: 0c0000ea

----------------
IN: decode_filter
0x0000c49c:  
OBJD-T: 04309be514201be5002083e5040000ea

----------------
IN: parse
0x00011a44:  
OBJD-T: 0030a0e10d0000ea

----------------
IN: parse
0x00011a84:  
OBJD-T: 34300be534301be5010073e30200001a

----------------
IN: parse
0x00011e88:  
OBJD-T: 080000ea

----------------
IN: parse
0x000122cc:  
OBJD-T: 0e0000ea

----------------
IN: parse
0x0001230c:  
OBJD-T: 1c301be504308de524301be500308de54c301be514201be50c101be52c001be5
OBJD-T: f10300eb

----------------
IN: parse_plaintext
0x000132f8:  
OBJD-T: 00482de904b08de238d04de228000be52c100be530200be534300be50030a0e3
OBJD-T: 08300be508309be5000053e31600001a

----------------
IN: parse_plaintext
0x00013384:  
OBJD-T: 28301be5103093e5000053e30500001a

----------------
IN: parse_plaintext
0x00013394:  
OBJD-T: 28301be5182093e528301be51c3093e5030052e10400003a

----------------
IN: parse_plaintext
0x000133ac:  
OBJD-T: 28001be561ddffeb

----------------
IN: parse_plaintext
0x000133b4:  
OBJD-T: 0030a0e17330efe60d0000ea

----------------
IN: parse_plaintext
0x000133f8:  
OBJD-T: 14300be530301be5

----------------
IN: parse_plaintext
0x00013400:  
OBJD-T: 000053e30200000a

----------------
IN: parse_plaintext
0x00013414:  
OBJD-T: 28301be5103093e5000053e30500001a

----------------
IN: parse_plaintext
0x00013424:  
OBJD-T: 28301be5182093e528301be51c3093e5030052e10400003a

----------------
IN: parse_plaintext
0x00013450:  
OBJD-T: 28301be5083093e5012083e228301be5082083e528301be5202093e528301be5
OBJD-T: 183093e5010083e228101be5180081e5033082e00030d3e518300be530301be5
OBJD-T: 000053e30200000a

----------------
IN: parse_plaintext
0x000134a4:  
OBJD-T: 18301be51b3083e20300a0e146f6ffeb

----------------
IN: parse_plaintext
0x000134b4:  
OBJD-T: 0020a0e134301be5042083e534301be5043093e51c300be504309be57320efe6
OBJD-T: 1c301be50820c3e51c301be514201be50c2083e51c301be518201be5142083e5
OBJD-T: 08309be57320efe61c301be50920c3e530301be5000053e33200000a

----------------
IN: parse_plaintext
0x000135dc:  
OBJD-T: 0030a0e310300be52a0000ea

----------------
IN: parse_plaintext
0x00013694:  
OBJD-T: 10201be518301be5030052e1d0ffffba

----------------
IN: parse_plaintext
0x000136a4:  
OBJD-T: 0a0000ea

----------------
IN: parse_plaintext
0x000136d4:  
OBJD-T: 10201be518301be5030052e1f2ffffba

----------------
IN: parse_plaintext
0x000136e4:  
OBJD-T: 28001be5e3f7ffeb

----------------
IN: read_32
0x0001167c:  
OBJD-T: 00482de904b08de210d04de210000be510301be5103093e5000053e30500001a

----------------
IN: read_32
0x0001169c:  
OBJD-T: 10301be5182093e510301be51c3093e5030052e10400003a

----------------
IN: read_32
0x000116c8:  
OBJD-T: 10301be5083093e5012083e210301be5082083e510301be5202093e510301be5
OBJD-T: 183093e5010083e210101be5180081e5033082e00030d3e5033ca0e108300be5
OBJD-T: 10301be5103093e5000053e30500001a

----------------
IN: read_32
0x00011718:  
OBJD-T: 10301be5182093e510301be51c3093e5030052e10500003a

----------------
IN: read_32
0x00011748:  
OBJD-T: 10301be5083093e5012083e210301be5082083e510301be5202093e510301be5
OBJD-T: 183093e5010083e210101be5180081e5033082e00030d3e50338a0e10320a0e1
OBJD-T: 08301be5023083e108300be510301be5103093e5000053e30500001a

----------------
IN: read_32
0x000117a4:  
OBJD-T: 10301be5182093e510301be51c3093e5030052e10500003a

----------------
IN: read_32
0x000117d4:  
OBJD-T: 10301be5083093e5012083e210301be5082083e510301be5202093e510301be5
OBJD-T: 183093e5010083e210101be5

----------------
IN: read_32
0x00011800:  
OBJD-T: 180081e5033082e00030d3e50334a0e10320a0e108301be5023083e108300be5
OBJD-T: 10301be5103093e5000053e30500001a

----------------
IN: read_32
0x00011830:  
OBJD-T: 10301be5182093e510301be51c3093e5030052e10400003a

----------------
IN: read_32
0x0001185c:  
OBJD-T: 10301be5083093e5012083e210301be5082083e510301be5202093e510301be5
OBJD-T: 183093e5010083e210101be5180081e5033082e00030d3e50320a0e108301be5
OBJD-T: 023083e108300be508301be50300a0e104d04be20088bde8

----------------
IN: parse_plaintext
0x000136ec:  
OBJD-T: 0020a0e11c301be5102083e530301be5000053e30200000a

----------------
IN: parse_plaintext
0x00013710:  
OBJD-T: 1c301be530201be5002083e51c301be528201be5042083e590319fe503308fe0
OBJD-T: 003093e5000053e35800000a

----------------
IN: parse_plaintext
0x000138a0:  
OBJD-T: 00f020e308301be50300a0e104d04be20088bde8

----------------
IN: parse
0x00012330:  
OBJD-T: 08000be51a0000ea

----------------
IN: do_proc_packets
0x00016280:  
OBJD-T: 00f020e30c301be5000053e34700001a

----------------
IN: parse
0x00011ad8:  
OBJD-T: 34201be5b0399fe503308fe00310a0e1a8399fe503308fe00300a0e11a0c00eb

----------------
IN: parse
0x00011af8:  
OBJD-T: 0e00a0e3aefeffeb

----------------
IN: gpg_error
0x000115bc:  
OBJD-T: 00482de904b08de208d04de208000be508101be50200a0e3e3ffffeb

----------------
IN: gpg_err_make
0x00011568:  
OBJD-T: 04b02de500b08de20cd04de20030a0e10c100be505304be50c301be5000053e3
OBJD-T: 0600000a

----------------
IN: gpg_err_make
0x0001158c:  
OBJD-T: 05305be5033ca0e17f2403e20c301be57330ffe6033082e1000000ea

----------------
IN: gpg_err_make
0x000115ac:  
OBJD-T: 0300a0e100d08be204b09de41eff2fe1

----------------
IN: gpg_error
0x000115d8:  
OBJD-T: 0030a0e10300a0e104d04be20088bde8

----------------
IN: parse
0x00011b00:  
OBJD-T: 0030a0e108300be54a0200ea

----------------
IN: do_proc_packets
0x000161bc:  
OBJD-T: 30304be20310a0e108001be5c4d8ffeb

----------------
IN: free_packet.localalias
0x0000c500:  
OBJD-T: 08301be5043093e5000053e31900001a

----------------
IN: free_packet.localalias
0x0000c578:  
OBJD-T: 00f020e3000000ea

----------------
IN: free_packet.localalias
0x0000c584:  
OBJD-T: 04d04be20088bde8

----------------
IN: do_proc_packets
0x000161cc:  
OBJD-T: 7a0000ea

----------------
IN: do_proc_packets
0x000163bc:  
OBJD-T: 3c301be52c3093e50300a0e1dfeaffeb

----------------
IN: xfree
0x00010f4c:  
OBJD-T: 00482de904b08de208d04de208000be508301be5000053e30100000a

----------------
IN: xfree
0x00010f70:  
OBJD-T: 00f020e304d04be20088bde8

----------------
IN: do_proc_packets
0x000163cc:  
OBJD-T: 30304be20310a0e108001be540d8ffeb

----------------
IN: do_proc_packets
0x000163dc:  
OBJD-T: 24301be5000053e30300000a

----------------
IN: do_proc_packets
0x000163f8:  
OBJD-T: 08001be5d2eaffeb

----------------
IN: xfree
0x00010f68:  
OBJD-T: 08001be520ffffeb

----------------
IN: free
0x00010bf4:  
OBJD-T: 04b02de500b08de21cd04de2

----------------
IN: free
0x00010c00:  
OBJD-T: 18000be5ac319fe503308fe018201be5000052e36100000a

----------------
IN: free
0x00010c18:  
OBJD-T: 18201be50c2042e20c200be590219fe502208fe0002092e50c101be5020051e1
OBJD-T: 5a00003a

----------------
IN: free
0x00010c3c:  
OBJD-T: 7c219fe502208fe0002092e574119fe5011093e70100a0e16c119fe5013093e7
OBJD-T: 033040e0033082e00c201be5030052e14d00002a

----------------
IN: free
0x00010c70:  
OBJD-T: 0c301be50120a0e30420c3e50c301be5083093e5000053e31900000a

----------------
IN: free
0x00010c8c:  
OBJD-T: 0c301be5083093e50430d3e5000053e31400000a

----------------
IN: free
0x00010cf4:  
OBJD-T: 0030a0e310300be5c8309fe503308fe0003093e508300be51b0000ea

----------------
IN: free
0x00010d80:  
OBJD-T: 08301be5000053e30700000a

----------------
IN: free
0x00010d8c:  
OBJD-T: 08201be50c301be5030052e1dcffff1a

----------------
IN: free
0x00010d10:  
OBJD-T: 08301be50430d3e5000053e31200000a

----------------
IN: free
0x00010d6c:  
OBJD-T: 08301be510300be508301be5083093e508300be508301be5000053e30700000a

----------------
IN: free
0x00010d9c:  
OBJD-T: 020000ea

----------------
IN: free
0x00010dac:  
OBJD-T: 00d08be204b09de41eff2fe1

----------------
IN: do_proc_packets
0x00016400:  
OBJD-T: 0c301be50300a0e104d04be20088bde8

----------------
IN: proc_packets
0x00015ec4:  
OBJD-T: 0c000be508001be51eecffeb

----------------
IN: proc_packets
0x00015ed0:  
OBJD-T: 0c301be50300a0e104d04be20088bde8

----------------
IN: decrypt_data
0x0000c0e4:  
OBJD-T: 58301be50020a0e3102083e52c301be55030d3e5d330e1e77330efe6010053e3
OBJD-T: 0400009a

----------------
IN: decrypt_data
0x0000c11c:  
OBJD-T: 00f020e32c301be50300a0e15afeffeb

----------------
IN: release_dfx_context
0x0000ba98:  
OBJD-T: 00482de904b08de208d04de208000be508301be5000053e31d00000a

----------------
IN: release_dfx_context
0x0000bb2c:  
OBJD-T: 00f020e304d04be20088bde8

----------------
IN: decrypt_data
0x0000c12c:  
OBJD-T: 10301be50300a0e108d04be21088bde8

----------------
IN: proc_encrypted
0x00015c20:  
OBJD-T: 08000be508301be5000053e30500001a

----------------
IN: proc_encrypted
0x00015c30:  
OBJD-T: 14301be5000053e30200001a

----------------
IN: proc_encrypted
0x00015c3c:  
OBJD-T: 0c301be5023083e30c300be508301be5000053e30600001a

----------------
IN: proc_encrypted
0x00015c54:  
OBJD-T: 10301be5000053e30300000a

----------------
IN: proc_encrypted
0x00015c70:  
OBJD-T: 08301be5010073e34e00000a

----------------
IN: proc_encrypted
0x00015c7c:  
OBJD-T: 08301be5000053e30a00000a

----------------
IN: proc_encrypted
0x00015cb4:  
OBJD-T: 1900a0e3a9fbffeb

----------------
IN: proc_encrypted
0x00015cbc:  
OBJD-T: 80319fe503308fe00300a0e1a5fbffeb

----------------
IN: proc_encrypted
0x00015ccc:  
OBJD-T: 74319fe503308fe00300a0e1a1fbffeb

----------------
IN: proc_encrypted
0x00015cdc:  
OBJD-T: 350000ea

----------------
IN: proc_encrypted
0x00015db8:  
OBJD-T: 0c301be5070053e30300001a

----------------
IN: proc_encrypted
0x00015dd4:  
OBJD-T: 18301be52c3093e50300a0e159ecffeb

----------------
IN: proc_encrypted
0x00015de4:  
OBJD-T: 18301be50020a0e32c2083e50010a0e31c001be5b8d9ffeb

----------------
IN: proc_encrypted
0x00015dfc:  
OBJD-T: 18301be50020a0e3382083e52a00a0e354fbffeb

----------------
IN: proc_encrypted
0x00015e10:  
OBJD-T: 44309fe503308fe0003093e5012083e238309fe503308fe0002083e500f020e3
OBJD-T: 04d04be20088bde8

----------------
IN: do_proc_packets
0x00016270:  
OBJD-T: 030000ea

----------------
IN: proc_encryption_packets
0x00015f40:  
OBJD-T: 0c000be508001be5ffebffeb

----------------
IN: proc_encryption_packets
0x00015f4c:  
OBJD-T: 0c301be50300a0e104d04be20088bde8

----------------
IN: decrypt_memory
0x0000b9d8:  
OBJD-T: 30000be530301be50300a0e108d04be21088bde8

----------------
IN: unified_decrypt
0x0001503c:  
OBJD-T: 1c000be518201be514101be510319fe503308fe00300a0e1c2feffeb

----------------
IN: unified_decrypt
0x00015058:  
OBJD-T: 20301be51c3093e5000053e30b00000a

----------------
IN: unified_decrypt
0x00015068:  
OBJD-T: 20301be51c3093e528101be50300a0e166f0ffeb

----------------
IN: wipememory
0x00011218:  
OBJD-T: 04b02de500b08de214d04de210000be514100be510301be508300be5040000ea

----------------
IN: wipememory
0x0001124c:  
OBJD-T: 14301be5012043e214200be5000053e3f5ffff1a

----------------
IN: wipememory
0x00011238:  
OBJD-T: 08301be5012083e208200be50020a0e30020c3e514301be5012043e214200be5
OBJD-T: 000053e3f5ffff1a

----------------
IN: wipememory
0x00011260:  
OBJD-T: 00f020e300f020e300d08be204b09de41eff2fe1

----------------
IN: unified_decrypt
0x0001507c:  
OBJD-T: 20301be51c3093e50300a0e1d9eeffeb

----------------
IN: unified_decrypt
0x0001508c:  
OBJD-T: 20301be50020a0e31c2083e520301be5183093e5000053e31000000a

----------------
IN: unified_decrypt
0x000150ec:  
OBJD-T: 1c301be5020053e30600001a

----------------
IN: unified_decrypt
0x00015114:  
OBJD-T: 4c309fe503308fe00300a0e18ffeffeb

----------------
IN: unified_decrypt
0x00015124:  
OBJD-T: 0030a0e30300a0e108d04be21088bde8

----------------
IN: main
0x0001530c:  
OBJD-T: 20000be520101be59c319fe503308fe00300a0e10ffeffeb

----------------
IN: main
0x00015324:  
OBJD-T: 5ff07ff54ff07ff56ff07ff5

----------------
IN: main
0x00015330:  
OBJD-T: 84319fe503308fe00300a0e108feffeb

----------------
IN: main
0x00015340:  
OBJD-T: 78319fe503308fe044c04be20f0093e80f008ce844304be21020a0e30310a0e1
OBJD-T: 14001be54fefffeb

----------------
IN: main
0x00015368:  
OBJD-T: 54319fe5033094e7003093e504308de548319fe5033094e700308de50030a0e3
OBJD-T: 1020a0e314101be51c001be574feffeb

----------------
IN: malloc
0x00010ba0:  
OBJD-T: 08301be50020a0e30420c3e508301be50c3083e214300be514301be5070000ea

----------------
IN: proc_encrypted
0x00015bd8:  
OBJD-T: 60329fe503308fe00300a0e1defbffeb

----------------
IN: parse
0x000122d8:  
OBJD-T: 300000ea

----------------
IN: parse
0x000123a0:  
OBJD-T: 00f020e348101be50000a0e34be8ffeb

----------------
IN: free
0x00010ca0:  
OBJD-T: 0c301be5003093e50c201be5032082e00c301be5083093e5030052e10c00001a

----------------
IN: free
0x00010cc0:  
OBJD-T: 0c301be5002093e50c301be5083093e5003093e5032082e00c301be5002083e5
OBJD-T: 0c301be5083093e5082093e50c301be5082083e50030a0e310300be5c8309fe5
OBJD-T: 03308fe0003093e508300be51b0000ea

----------------
IN: proc_encrypted
0x00015c60:  
OBJD-T: 5900a0e333feffeb

----------------
IN: gpg_error
0x00015538:  
OBJD-T: 00482de904b08de208d04de208000be508101be50200a0e3e3ffffeb

----------------
IN: gpg_err_make
0x000154e4:  
OBJD-T: 04b02de500b08de20cd04de20030a0e10c100be505304be50c301be5000053e3
OBJD-T: 0600000a

----------------
IN: gpg_err_make
0x00015508:  
OBJD-T: 05305be5033ca0e17f2403e20c301be57330ffe6033082e1000000ea

----------------
IN: gpg_err_make
0x00015528:  
OBJD-T: 0300a0e100d08be204b09de41eff2fe1

----------------
IN: gpg_error
0x00015554:  
OBJD-T: 0030a0e10300a0e104d04be20088bde8

----------------
IN: proc_encrypted
0x00015c68:  
OBJD-T: 0030a0e108300be508301be5010073e34e00000a

----------------
IN: proc_encrypted
0x00015c88:  
OBJD-T: 08301be50300a0e133feffeb

----------------
IN: gpg_err_code
0x00015564:  
OBJD-T: 04b02de500b08de20cd04de208000be508301be57330ffe60300a0e100d08be2
OBJD-T: 04b09de41eff2fe1

----------------
IN: proc_encrypted
0x00015c94:  
OBJD-T: 0030a0e1080053e30f00001a

----------------
IN: proc_encrypted
0x00015ce0:  
OBJD-T: 08301be50300a0e11dfeffeb

----------------
IN: proc_encrypted
0x00015cec:  
OBJD-T: 0030a0e1080053e30500000a

----------------
IN: proc_encrypted
0x00015cf8:  
OBJD-T: 08301be50300a0e117feffeb

----------------
IN: proc_encrypted
0x00015d04:  
OBJD-T: 0030a0e14a0053e30800001a

----------------
IN: proc_encrypted
0x00015d34:  
OBJD-T: 08301be50300a0e108feffeb

----------------
IN: proc_encrypted
0x00015d40:  
OBJD-T: 0030a0e1130053e30b00000a

----------------
IN: proc_encrypted
0x00015d4c:  
OBJD-T: 08301be50300a0e102feffeb

----------------
IN: proc_encrypted
0x00015d58:  
OBJD-T: 0030a0e10a0053e30500000a

----------------
IN: proc_encrypted
0x00015d64:  
OBJD-T: 08301be50300a0e1fcfdffeb

----------------
IN: proc_encrypted
0x00015d70:  
OBJD-T: 0030a0e10c0053e30800001a

----------------
IN: proc_encrypted
0x00015da0:  
OBJD-T: 1800a0e36efbffeb

----------------
IN: proc_encrypted
0x00015da8:  
OBJD-T: a4309fe503308fe00300a0e16afbffeb

----------------
IN: parse
0x00011c24:  
OBJD-T: 38301be514300be5260100ea

----------------
IN: parse
0x000122c0:  
OBJD-T: 360000ea

----------------
IN: log_hexdump
0x0000b744:  
OBJD-T: 10301be530201be5033082e00010d3e5000000ea

----------------
IN: log_hexdump
0x0000b75c:  
OBJD-T: 28204be210301be5033082e00120a0e10020c3e510301be5013083e210300be5
OBJD-T: 10201be514301be5030052e1e1ffffba

----------------
IN: free
0x00010d20:  
OBJD-T: 08301be5003093e508201be5033082e00c201be5030052e10b00001a

----------------
IN: unified_decrypt
0x000150f8:  
OBJD-T: 1c101be560309fe503308fe00300a0e195feffeb

----------------
IN: unified_decrypt
0x0001510c:  
OBJD-T: 1c301be5040000ea

----------------
IN: unified_decrypt
0x00015128:  
OBJD-T: 0300a0e108d04be21088bde8

----------------
IN: main
0x00015398:  
OBJD-T: 24000be524101be524319fe503308fe00300a0e1ecfdffeb

----------------
IN: main
0x000153b0:  
OBJD-T: 18319fe503308fe00300a0e1e8fdffeb

----------------
IN: main
0x000153c0:  
OBJD-T: 0c319fe503308fe00300a0e1e4fdffeb

----------------
IN: main
0x000153d0:  
OBJD-T: 00319fe503308fe00300a0e1e0fdffeb

----------------
IN: main
0x000153e0:  
OBJD-T: 18301be5000053e30800000a

----------------
IN: main
0x000153ec:  
OBJD-T: e8309fe503308fe00300a0e1d9fdffeb

----------------
IN: main
0x000153fc:  
OBJD-T: 2410a0e3

----------------
IN: main
0x00015400:  
OBJD-T: 18001be583efffeb

----------------
IN: main
0x00015408:  
OBJD-T: 18001be5f8edffeb

----------------
IN: main
0x00015410:  
OBJD-T: 1c301be5000053e30800000a

----------------
IN: main
0x0001541c:  
OBJD-T: bc309fe503308fe00300a0e1cdfdffeb

----------------
IN: main
0x0001542c:  
OBJD-T: 2410a0e31c001be577efffeb

----------------
IN: main
0x00015438:  
OBJD-T: 1c001be5ecedffeb

----------------
IN: free
0x00010d3c:  
OBJD-T: 08301be5002093e50c301be5003093e5032082e008301be5002083e50c301be5
OBJD-T: 082093e508301be5082083e50f0000ea

----------------
IN: main
0x00015440:  
OBJD-T: 10301be5000053e30400000a

----------------
IN: main
0x0001544c:  
OBJD-T: 2010a0e310001be56fefffeb

----------------
IN: main
0x00015458:  
OBJD-T: 10001be5e4edffeb

----------------
IN: main
0x00015460:  
OBJD-T: 14301be5000053e30400000a

----------------
IN: main
0x0001546c:  
OBJD-T: 2010a0e314001be567efffeb

----------------
IN: main
0x00015478:  
OBJD-T: 14001be5dcedffeb

----------------
IN: main
0x00015480:  
OBJD-T: 03f020e3

